Year,Week,Total_Specimens,Total_A,Total_B,Percent_Positive,Data_Type,Total_A_H1,Total_A_H3,Weighted_ILI
2015,40,12029,84.0,43,1.05578,Clinical_Labs,,,1.22559
2015,41,13111,116.0,54,1.29662,Clinical_Labs,,,1.31066
2015,42,13441,97.0,52,1.10855,Clinical_Labs,,,1.3711
2015,43,13537,98.0,52,1.10807,Clinical_Labs,,,1.39171
2015,44,14687,97.0,68,1.12344,Clinical_Labs,,,1.43712
2015,45,15048,122.0,86,1.38224,Clinical_Labs,,,1.50165
2015,46,15250,84.0,98,1.19344,Clinical_Labs,,,1.59805
2015,47,15234,119.0,92,1.38506,Clinical_Labs,,,1.89668
2015,48,16201,145.0,81,1.39498,Clinical_Labs,,,1.67728
2015,49,16673,140.0,106,1.47544,Clinical_Labs,,,1.78296
2015,50,17358,244.0,192,2.51181,Clinical_Labs,,,1.87336
2015,51,16878,220.0,166,2.287,Clinical_Labs,,,2.32148
2015,52,18865,264.0,200,2.45958,Clinical_Labs,,,2.40991
2016,1,19786,396.0,184,2.93137,Clinical_Labs,,,1.94328
2016,2,18689,571.0,224,4.25384,Clinical_Labs,,,1.99796
2016,3,18798,716.0,315,5.48463,Clinical_Labs,,,2.11829
2016,4,20791,1035.0,412,6.95974,Clinical_Labs,,,2.25112
2016,5,22261,1572.0,587,9.69858,Clinical_Labs,,,2.37116
2016,6,24934,2265.0,864,12.5491,Clinical_Labs,,,2.80035
2016,7,27208,3135.0,1092,15.5359,Clinical_Labs,,,3.16475
2016,8,30966,4410.0,1276,18.3621,Clinical_Labs,,,3.15183
2016,9,33880,5523.0,1629,21.1098,Clinical_Labs,,,3.3321
2016,10,36781,6679.0,2018,23.6454,Clinical_Labs,,,3.56024
2016,11,34233,5047.0,1790,19.972,Clinical_Labs,,,3.05479
2016,12,30161,3919.0,1652,18.4709,Clinical_Labs,,,2.76732
2016,13,27603,2965.0,1514,16.2265,Clinical_Labs,,,2.44161
2016,14,23979,1971.0,1390,14.0164,Clinical_Labs,,,2.03348
2016,15,21683,1506.0,1364,13.2362,Clinical_Labs,,,1.98593
2016,16,19860,1123.0,1329,12.3464,Clinical_Labs,,,1.91514
2016,17,17970,701.0,1143,10.2615,Clinical_Labs,,,1.69968
2016,18,15380,427.0,822,8.12094,Clinical_Labs,,,1.57635
2016,19,14090,280.0,662,6.68559,Clinical_Labs,,,1.3935
2016,20,12545,224.0,505,5.81108,Clinical_Labs,,,1.29941
2016,21,11591,139.0,408,4.71918,Clinical_Labs,,,1.18379
2016,22,10067,82.0,226,3.0595,Clinical_Labs,,,1.13723
2016,23,9172,70.0,207,3.02006,Clinical_Labs,,,1.04118
2016,24,8364,59.0,94,1.82927,Clinical_Labs,,,0.971814
2016,25,7417,44.0,83,1.71228,Clinical_Labs,,,0.863306
2016,26,6298,26.0,51,1.22261,Clinical_Labs,,,0.833797
2016,27,5978,24.0,30,0.903312,Clinical_Labs,,,0.784516
2016,28,6328,24.0,31,0.869153,Clinical_Labs,,,0.734327
2016,29,5888,24.0,26,0.849185,Clinical_Labs,,,0.698845
2016,30,5756,20.0,25,0.781793,Clinical_Labs,,,0.723099
2016,31,5675,33.0,20,0.933921,Clinical_Labs,,,0.663501
2016,32,5773,22.0,30,0.900745,Clinical_Labs,,,0.69276
2016,33,5974,27.0,21,0.803482,Clinical_Labs,,,0.710029
2016,34,6264,63.0,25,1.40485,Clinical_Labs,,,0.834232
2016,35,7093,78.0,41,1.67771,Clinical_Labs,,,0.992621
2016,36,7732,57.0,56,1.46146,Clinical_Labs,,,1.01605
2016,37,8727,74.0,58,1.51255,Clinical_Labs,,,1.07169
2016,38,9418,97.0,67,1.74135,Clinical_Labs,,,1.10163
2016,39,10596,106.0,83,1.78369,Clinical_Labs,,,1.18841
2016,40,13380,120.0,90,1.56951,Clinical_Labs,,,1.2019
2016,41,14053,108.0,83,1.35914,Clinical_Labs,,,1.23108
2016,42,15110,115.0,97,1.40304,Clinical_Labs,,,1.26796
2016,43,15312,143.0,88,1.50862,Clinical_Labs,,,1.36298
2016,44,16652,201.0,118,1.91569,Clinical_Labs,,,1.48535
2016,45,17811,271.0,121,2.20089,Clinical_Labs,,,1.55954
2016,46,19060,347.0,144,2.57608,Clinical_Labs,,,1.64783
2016,47,18520,451.0,169,3.34773,Clinical_Labs,,,1.91275
2016,48,21542,532.0,183,3.3191,Clinical_Labs,,,1.81725
2016,49,20564,696.0,180,4.25987,Clinical_Labs,,,1.91433
2016,50,23476,1359.0,210,6.68342,Clinical_Labs,,,2.21003
2016,51,26934,2563.0,341,10.7819,Clinical_Labs,,,2.73568
2016,52,33273,4270.0,388,13.9993,Clinical_Labs,,,3.36832
2017,1,35028,4288.0,386,13.3436,Clinical_Labs,,,3.09689
2017,2,35198,4935.0,476,15.373,Clinical_Labs,,,3.07346
2017,3,36732,6062.0,655,18.2865,Clinical_Labs,,,3.51643
2017,4,38052,6254.0,797,18.5299,Clinical_Labs,,,3.8027
2017,5,41435,7779.0,1097,21.4215,Clinical_Labs,,,4.50313
2017,6,47995,9702.0,1890,24.1525,Clinical_Labs,,,5.06308
2017,7,49356,9546.0,2552,24.5117,Clinical_Labs,,,4.86009
2017,8,47381,8763.0,2952,24.7251,Clinical_Labs,,,4.57916
2017,9,40431,5605.0,2389,19.772,Clinical_Labs,,,3.55674
2017,10,38487,4632.0,2785,19.2714,Clinical_Labs,,,3.50417
2017,11,36598,3795.0,3171,19.0338,Clinical_Labs,,,3.21511
2017,12,35188,3221.0,3715,19.7113,Clinical_Labs,,,3.10088
2017,13,32481,2345.0,3658,18.4816,Clinical_Labs,,,2.79056
2017,14,28713,1443.0,2986,15.4251,Clinical_Labs,,,2.38547
2017,15,25001,902.0,2283,12.7395,Clinical_Labs,,,1.9703
2017,16,22091,567.0,1575,9.69626,Clinical_Labs,,,1.73442
2017,17,18795,326.0,946,6.76776,Clinical_Labs,,,1.56303
2017,18,16223,252.0,708,5.91752,Clinical_Labs,,,1.4128
2017,19,15302,232.0,584,5.33264,Clinical_Labs,,,1.27492
2017,20,14292,216.0,479,4.86286,Clinical_Labs,,,1.2834
2017,21,12821,180.0,378,4.35223,Clinical_Labs,,,1.16663
2017,22,11644,171.0,314,4.16524,Clinical_Labs,,,1.10977
2017,23,10662,136.0,225,3.38586,Clinical_Labs,,,1.04333
2017,24,9568,131.0,162,3.06229,Clinical_Labs,,,0.905151
2017,25,8455,107.0,117,2.64932,Clinical_Labs,,,0.902718
2017,26,7498,94.0,96,2.53401,Clinical_Labs,,,0.859531
2017,27,7071,75.0,79,2.17791,Clinical_Labs,,,0.818998
2017,28,7394,92.0,68,2.16392,Clinical_Labs,,,0.752505
2017,29,7178,87.0,45,1.83895,Clinical_Labs,,,0.731146
2017,30,6755,72.0,50,1.80607,Clinical_Labs,,,0.733295
2017,31,6725,96.0,35,1.94796,Clinical_Labs,,,0.73102
2017,32,6893,76.0,55,1.90048,Clinical_Labs,,,0.68834
2017,33,7596,62.0,40,1.34281,Clinical_Labs,,,0.732049
2017,34,8160,80.0,37,1.43382,Clinical_Labs,,,0.911188
2017,35,9404,120.0,62,1.93535,Clinical_Labs,,,1.02105
2017,36,10381,128.0,68,1.88806,Clinical_Labs,,,1.09495
2017,37,11602,148.0,72,1.89622,Clinical_Labs,,,1.09475
2017,38,12699,137.0,75,1.66942,Clinical_Labs,,,1.09775
2017,39,13622,155.0,77,1.70313,Clinical_Labs,,,1.18882
2017,40,15532,230.0,112,2.20191,Clinical_Labs,,,1.26682
2017,41,16557,248.0,98,2.08975,Clinical_Labs,,,1.30662
2017,42,17827,278.0,110,2.17647,Clinical_Labs,,,1.34866
2017,43,18391,340.0,135,2.58279,Clinical_Labs,,,1.51871
2017,44,20015,503.0,219,3.60729,Clinical_Labs,,,1.74793
2017,45,21886,689.0,240,4.24472,Clinical_Labs,,,1.87047
2017,46,23794,939.0,322,5.29966,Clinical_Labs,,,2.06674
2017,47,23830,1336.0,353,7.0877,Clinical_Labs,,,2.28188
2017,48,27213,1552.0,436,7.30533,Clinical_Labs,,,2.28528
2017,49,30767,2479.0,827,10.7453,Clinical_Labs,,,2.5848
2017,50,35194,4560.0,844,15.3549,Clinical_Labs,,,3.36711
2017,51,48009,9237.0,1698,22.777,Clinical_Labs,,,4.71836
2017,52,55518,12002.0,2092,25.3864,Clinical_Labs,,,5.72036
2018,1,61316,13018.0,2535,25.3653,Clinical_Labs,,,5.77543
2018,2,68276,15149.0,3246,26.9421,Clinical_Labs,,,5.9083
2018,3,69124,14782.0,3905,27.034,Clinical_Labs,,,6.49095
2018,4,80322,16634.0,5350,27.3698,Clinical_Labs,,,7.17799
2018,5,81687,15193.0,6915,27.0643,Clinical_Labs,,,7.52851
2018,6,81391,14116.0,7858,26.9981,Clinical_Labs,,,7.38424
2018,7,74973,11371.0,8210,26.1174,Clinical_Labs,,,6.46068
2018,8,60034,7177.0,6400,22.6155,Clinical_Labs,,,4.95341
2018,9,48489,4405.0,4559,18.4867,Clinical_Labs,,,3.67274
2018,10,40978,2897.0,3534,15.6938,Clinical_Labs,,,3.2037
2018,11,36794,2349.0,3384,15.5813,Clinical_Labs,,,2.78869
2018,12,33442,2023.0,3103,15.328,Clinical_Labs,,,2.50234
2018,13,30668,1708.0,2927,15.1135,Clinical_Labs,,,2.41065
2018,14,27339,1132.0,2337,12.6888,Clinical_Labs,,,2.07542
2018,15,25052,901.0,1917,11.2486,Clinical_Labs,,,1.78234
2018,16,21483,595.0,1424,9.39813,Clinical_Labs,,,1.61608
2018,17,19328,472.0,1074,7.99876,Clinical_Labs,,,1.53992
2018,18,17095,346.0,724,6.25914,Clinical_Labs,,,1.53115
2018,19,14978,191.0,467,4.39311,Clinical_Labs,,,1.29599
2018,20,13013,176.0,236,3.16606,Clinical_Labs,,,1.18904
2018,21,11799,119.0,163,2.39003,Clinical_Labs,,,1.24941
2018,22,10789,76.0,89,1.52934,Clinical_Labs,,,1.14134
2018,23,9703,73.0,80,1.57683,Clinical_Labs,,,0.988567
2018,24,8929,51.0,65,1.29914,Clinical_Labs,,,0.895433
2018,25,8502,49.0,38,1.02329,Clinical_Labs,,,0.892227
2018,26,7723,57.0,29,1.11356,Clinical_Labs,,,0.877636
2018,27,6879,44.0,25,1.00305,Clinical_Labs,,,0.77502
2018,28,6986,51.0,13,0.916118,Clinical_Labs,,,0.725956
2018,29,6835,57.0,15,1.0534,Clinical_Labs,,,0.68266
2018,30,6733,48.0,19,0.995099,Clinical_Labs,,,0.640527
2018,31,6292,43.0,17,0.953592,Clinical_Labs,,,0.64106
2018,32,6790,43.0,22,0.95729,Clinical_Labs,,,0.706465
2018,33,7065,36.0,18,0.764331,Clinical_Labs,,,0.708668
2018,34,7783,77.0,27,1.33625,Clinical_Labs,,,0.825743
2018,35,8712,98.0,33,1.50367,Clinical_Labs,,,0.864409
2018,36,9786,119.0,52,1.74739,Clinical_Labs,,,1.10114
2018,37,12030,155.0,48,1.68745,Clinical_Labs,,,1.15244
2018,38,13182,158.0,66,1.69929,Clinical_Labs,,,1.20257
2018,39,14763,169.0,52,1.49699,Clinical_Labs,,,1.25033
2018,40,16528,218.0,71,1.74855,Clinical_Labs,,,1.41846
2018,41,18035,223.0,83,1.6967,Clinical_Labs,,,1.40418
2018,42,20221,312.0,91,1.99298,Clinical_Labs,,,1.47401
2018,43,21457,340.0,101,2.05527,Clinical_Labs,,,1.64257
2018,44,22496,390.0,99,2.17372,Clinical_Labs,,,1.79275
2018,45,23563,546.0,98,2.7331,Clinical_Labs,,,1.87043
2018,46,24519,668.0,106,3.15674,Clinical_Labs,,,1.98387
2018,47,24772,897.0,76,3.92782,Clinical_Labs,,,2.24169
2018,48,28328,1002.0,107,3.91485,Clinical_Labs,,,2.14883
2018,49,29078,1660.0,152,6.23152,Clinical_Labs,,,2.25531
2018,50,33152,3242.0,194,10.3644,Clinical_Labs,,,2.64571
2018,51,38423,5289.0,192,14.2649,Clinical_Labs,,,3.14075
2018,52,43377,6849.0,244,16.352,Clinical_Labs,,,3.97127
2019,1,44453,5243.0,153,12.1387,Clinical_Labs,,,3.46125
2019,2,41606,5075.0,218,12.7217,Clinical_Labs,,,3.07707
2019,3,42041,6673.0,187,16.3174,Clinical_Labs,,,3.32915
2019,4,44194,8323.0,247,19.3918,Clinical_Labs,,,3.81999
2019,5,48640,10676.0,292,22.5493,Clinical_Labs,,,4.3419
2019,6,54030,13151.0,429,25.1342,Clinical_Labs,,,4.88288
2019,7,53289,13354.0,515,26.026,Clinical_Labs,,,5.04211
2019,8,54061,13708.0,478,26.2407,Clinical_Labs,,,4.88596
2019,9,53221,13436.0,441,26.0743,Clinical_Labs,,,4.5499
2019,10,53256,13199.0,438,25.6065,Clinical_Labs,,,4.38001
2019,11,53364,13376.0,569,26.1318,Clinical_Labs,,,4.2288
2019,12,48749,10336.0,623,22.4805,Clinical_Labs,,,3.68449
2019,13,42842,7672.0,598,19.3035,Clinical_Labs,,,3.08744
2019,14,36735,4892.0,597,14.9422,Clinical_Labs,,,2.69971
2019,15,31723,3211.0,567,11.9093,Clinical_Labs,,,2.28549
2019,16,27999,1893.0,518,8.61102,Clinical_Labs,,,2.01443
2019,17,24711,1031.0,413,5.84355,Clinical_Labs,,,1.7141
2019,18,20167,634.0,338,4.81976,Clinical_Labs,,,1.56927
2019,19,17735,404.0,277,3.83986,Clinical_Labs,,,1.49991
2019,20,16998,333.0,269,3.54159,Clinical_Labs,,,1.50211
2019,21,15674,276.0,260,3.41968,Clinical_Labs,,,1.42357
2019,22,14371,212.0,231,3.0826,Clinical_Labs,,,1.39457
2019,23,12617,144.0,208,2.78989,Clinical_Labs,,,1.21776
2019,24,11400,129.0,135,2.31579,Clinical_Labs,,,1.11351
2019,25,10463,109.0,90,1.90194,Clinical_Labs,,,0.992293
2019,26,9132,93.0,97,2.0806,Clinical_Labs,,,0.947072
2019,27,8852,129.0,86,2.42883,Clinical_Labs,,,0.876088
2019,28,9075,102.0,81,2.01653,Clinical_Labs,,,0.809956
2019,29,8339,105.0,80,2.21849,Clinical_Labs,,,0.755431
2019,30,7951,104.0,85,2.37706,Clinical_Labs,,,0.73346
2019,31,7881,104.0,85,2.39817,Clinical_Labs,,,0.72729
2019,32,8080,79.0,87,2.05446,Clinical_Labs,,,0.754637
2019,33,8310,78.0,95,2.08183,Clinical_Labs,,,0.730938
2019,34,8892,94.0,116,2.36167,Clinical_Labs,,,0.840615
2019,35,10506,142.0,221,3.45517,Clinical_Labs,,,0.989217
2019,36,11816,136.0,230,3.09749,Clinical_Labs,,,1.14059
2019,37,13366,152.0,180,2.48391,Clinical_Labs,,,1.23272
2019,38,15055,162.0,253,2.75656,Clinical_Labs,,,1.24529
2019,39,17349,153.0,323,2.74367,Clinical_Labs,,,1.33771
2019,40,19851,136.0,124,1.30976,Clinical_Labs,,,1.49064
2019,41,22113,146.0,181,1.47877,Clinical_Labs,,,1.59269
2019,42,23131,172.0,187,1.55203,Clinical_Labs,,,1.72517
2019,43,24630,201.0,354,2.25335,Clinical_Labs,,,1.83428
2019,44,25417,221.0,556,3.05701,Clinical_Labs,,,2.04049
2019,45,28842,414.0,1075,5.16261,Clinical_Labs,,,2.39351
2019,46,31439,535.0,1589,6.75594,Clinical_Labs,,,2.63245
2019,47,36497,903.0,2581,9.54599,Clinical_Labs,,,2.91944
2019,48,35398,1079.0,2793,10.9385,Clinical_Labs,,,3.41066
2019,49,41929,1426.0,3461,11.6554,Clinical_Labs,,,3.2622
2019,50,44911,2158.0,5097,16.1542,Clinical_Labs,,,3.94308
2019,51,54480,3697.0,8579,22.533,Clinical_Labs,,,5.06529
2019,52,64024,5980.0,11264,26.9336,Clinical_Labs,,,7.06161
2020,1,65177,5645.0,9664,23.4883,Clinical_Labs,,,5.91974
2020,2,60717,6109.0,7928,23.1187,Clinical_Labs,,,4.94176
2020,3,60316,7712.0,8020,26.0826,Clinical_Labs,,,5.33174
2020,4,64502,9478.0,8764,28.2813,Clinical_Labs,,,6.08106
2020,5,72224,12102.0,9671,30.1465,Clinical_Labs,,,6.74724
2020,6,71868,12960.0,8787,30.2596,Clinical_Labs,,,6.7998
2020,7,69257,13372.0,7180,29.675,Clinical_Labs,,,6.11292
2020,8,65212,12714.0,5755,28.3215,Clinical_Labs,,,5.55671
2020,9,62427,11713.0,4363,25.7517,Clinical_Labs,,,5.12279
2020,10,64149,11050.0,3378,22.4914,Clinical_Labs,,,5.26652
2020,11,74416,9077.0,2690,15.8125,Clinical_Labs,,,5.67081
2020,12,73090,4131.0,1352,7.50171,Clinical_Labs,,,6.38029
2020,13,44754,759.0,280,2.32158,Clinical_Labs,,,4.91692
2020,14,30838,196.0,122,1.0312,Clinical_Labs,,,3.78625
2020,15,19572,75.0,46,0.61823,Clinical_Labs,,,2.80122
2020,16,14443,58.0,32,0.623139,Clinical_Labs,,,2.12879
2020,17,12822,20.0,8,0.218375,Clinical_Labs,,,1.73315
2020,18,10268,19.0,8,0.262953,Clinical_Labs,,,1.40932
2020,19,8891,14.0,15,0.326173,Clinical_Labs,,,1.18336
2020,20,7844,14.0,10,0.305966,Clinical_Labs,,,1.11451
2020,21,7523,8.0,8,0.212681,Clinical_Labs,,,1.00534
2020,22,6054,7.0,3,0.16518,Clinical_Labs,,,0.88827
2020,23,6181,9.0,12,0.339751,Clinical_Labs,,,0.814062
2020,24,5718,8.0,8,0.279818,Clinical_Labs,,,0.836751
2020,25,5247,12.0,8,0.38117,Clinical_Labs,,,0.928456
2020,26,5667,9.0,7,0.282336,Clinical_Labs,,,1.14217
2020,27,6258,8.0,5,0.207734,Clinical_Labs,,,1.27401
2020,28,6322,6.0,5,0.173996,Clinical_Labs,,,1.34951
2020,29,6176,11.0,12,0.372409,Clinical_Labs,,,1.34471
2020,30,6042,5.0,4,0.148957,Clinical_Labs,,,1.22153
2020,31,6105,3.0,5,0.13104,Clinical_Labs,,,1.15258
2020,32,6330,7.0,4,0.173776,Clinical_Labs,,,1.0626
2020,33,6120,4.0,4,0.130719,Clinical_Labs,,,0.979884
2020,34,6238,6.0,8,0.224431,Clinical_Labs,,,0.969202
2020,35,6443,7.0,13,0.310414,Clinical_Labs,,,1.00022
2020,36,6543,7.0,6,0.198686,Clinical_Labs,,,0.920817
2020,37,7059,7.0,6,0.184162,Clinical_Labs,,,1.0355
2020,38,8083,14.0,18,0.395893,Clinical_Labs,,,0.974333
2020,39,9019,11.0,9,0.221754,Clinical_Labs,,,1.06462
2020,40,12200,19.0,21,0.327869,Clinical_Labs,,,1.09211
2020,41,14924,30.0,28,0.388636,Clinical_Labs,,,1.21201
2020,42,15112,27.0,26,0.350715,Clinical_Labs,,,1.11151
2020,43,16611,21.0,21,0.252845,Clinical_Labs,,,1.18662
2020,44,20552,22.0,19,0.199494,Clinical_Labs,,,1.25262
2020,45,27187,31.0,25,0.205981,Clinical_Labs,,,1.44427
2020,46,34907,32.0,44,0.217721,Clinical_Labs,,,1.48969
2020,47,38746,34.0,54,0.22712,Clinical_Labs,,,1.56064
2020,48,35276,19.0,36,0.155913,Clinical_Labs,,,1.61944
2020,49,42526,31.0,65,0.225744,Clinical_Labs,,,1.57347
2020,50,41778,26.0,76,0.244148,Clinical_Labs,,,1.51939
2020,51,40917,36.0,81,0.285945,Clinical_Labs,,,1.50599
2020,52,36310,34.0,67,0.27816,Clinical_Labs,,,1.55485
2020,53,40471,34.0,73,0.264387,Clinical_Labs,,,1.58903
2021,1,44971,28.0,95,0.27351,Clinical_Labs,,,1.47519
2021,2,41807,24.0,48,0.17222,Clinical_Labs,,,1.28752
2021,3,39002,21.0,62,0.21281,Clinical_Labs,,,1.25172
2021,4,36455,12.0,50,0.170073,Clinical_Labs,,,1.10177
2021,5,36559,21.0,53,0.202413,Clinical_Labs,,,1.16565
2021,6,34089,11.0,35,0.134941,Clinical_Labs,,,1.00609
2021,7,32424,19.0,22,0.12645,Clinical_Labs,,,0.986101
2021,8,34328,17.0,25,0.122349,Clinical_Labs,,,0.864388
2021,9,34184,14.0,17,0.0906857,Clinical_Labs,,,0.828056
2021,10,34191,15.0,21,0.105291,Clinical_Labs,,,0.882103
2021,11,34680,26.0,19,0.129758,Clinical_Labs,,,0.908033
2021,12,35763,13.0,17,0.0838856,Clinical_Labs,,,0.947577
2021,13,31900,13.0,9,0.0689655,Clinical_Labs,,,0.975225
2021,14,31520,10.0,14,0.0761421,Clinical_Labs,,,1.06101
2021,15,30238,8.0,13,0.069449,Clinical_Labs,,,1.08091
2021,16,30568,12.0,16,0.0915991,Clinical_Labs,,,1.10326
2021,17,31247,16.0,10,0.083208,Clinical_Labs,,,1.13361
2021,18,30176,10.0,15,0.0828473,Clinical_Labs,,,1.14992
2021,19,29035,17.0,13,0.103324,Clinical_Labs,,,1.19092
2021,20,28416,23.0,20,0.151323,Clinical_Labs,,,1.24677
2021,21,24574,14.0,23,0.150566,Clinical_Labs,,,1.14504
2021,22,23886,7.0,15,0.0921042,Clinical_Labs,,,1.18454
2021,23,25258,8.0,18,0.102938,Clinical_Labs,,,1.12943
2021,24,24440,17.0,12,0.118658,Clinical_Labs,,,1.18866
2021,25,22366,12.0,17,0.129661,Clinical_Labs,,,1.21202
2021,26,22756,3.0,13,0.0703111,Clinical_Labs,,,1.21342
2021,27,25064,5.0,9,0.055857,Clinical_Labs,,,1.26676
2021,28,26255,11.0,17,0.106646,Clinical_Labs,,,1.38728
2021,29,27718,5.0,13,0.0649398,Clinical_Labs,,,1.6475
2021,30,30276,11.0,12,0.0759678,Clinical_Labs,,,1.80199
2021,31,28889,14.0,18,0.110769,Clinical_Labs,,,1.94952
2021,32,35191,8.0,11,0.0539911,Clinical_Labs,,,2.03548
2021,33,33470,14.0,10,0.071706,Clinical_Labs,,,2.1918
2021,34,40107,13.0,11,0.0598399,Clinical_Labs,,,2.23897
2021,35,41117,22.0,13,0.0851229,Clinical_Labs,,,2.26643
2021,36,36912,11.0,9,0.0541829,Clinical_Labs,,,2.21298
2021,37,43510,11.0,14,0.0574581,Clinical_Labs,,,2.045
2021,38,40634,12.0,17,0.0713688,Clinical_Labs,,,1.90124
2021,39,44256,29.0,23,0.117498,Clinical_Labs,,,1.8442
2021,40,49688,41.0,37,0.15698,Clinical_Labs,,,2.04946
2021,41,46313,24.0,32,0.120916,Clinical_Labs,,,1.95317
2021,42,48913,26.0,39,0.132889,Clinical_Labs,,,1.92693
2021,43,51914,99.0,33,0.254267,Clinical_Labs,,,1.97792
2021,44,57035,124.0,37,0.282283,Clinical_Labs,,,2.14051
2021,45,63268,309.0,36,0.545299,Clinical_Labs,,,2.26691
2021,46,72905,687.0,45,1.00405,Clinical_Labs,,,2.41002
2021,47,71888,1285.0,39,1.84175,Clinical_Labs,,,2.51362
2021,48,85248,2395.0,71,2.89274,Clinical_Labs,,,2.56387
2021,49,97782,3913.0,51,4.05392,Clinical_Labs,,,2.74219
2021,50,108196,6681.0,61,6.23128,Clinical_Labs,,,3.1546
2021,51,126904,7240.0,78,5.76656,Clinical_Labs,,,4.007
2021,52,147040,6088.0,109,4.2145,Clinical_Labs,,,4.89397
2022,1,150872,3606.0,68,2.43518,Clinical_Labs,,,4.29914
2022,2,129424,2600.0,72,2.06453,Clinical_Labs,,,3.50099
2022,3,106771,2190.0,72,2.11855,Clinical_Labs,,,2.77457
2022,4,87124,1722.0,46,2.02929,Clinical_Labs,,,2.05464
2022,5,68893,1570.0,41,2.33841,Clinical_Labs,,,1.66744
2022,6,64800,1855.0,47,2.93519,Clinical_Labs,,,1.43558
2022,7,62953,2525.0,65,4.11418,Clinical_Labs,,,1.48076
2022,8,61128,2813.0,33,4.6558,Clinical_Labs,,,1.46137
2022,9,61079,3612.0,43,5.98405,Clinical_Labs,,,1.57063
2022,10,62009,4206.0,54,6.86997,Clinical_Labs,,,1.69692
2022,11,62581,4951.0,52,7.99444,Clinical_Labs,,,1.83274
2022,12,66581,5483.0,36,8.28915,Clinical_Labs,,,1.88031
2022,13,66402,5564.0,115,8.55245,Clinical_Labs,,,1.99637
2022,14,70497,6660.0,34,9.49544,Clinical_Labs,,,2.10974
2022,15,69489,6844.0,26,9.88646,Clinical_Labs,,,2.18573
2022,16,71915,6303.0,52,8.83682,Clinical_Labs,,,2.21825
2022,17,76971,6235.0,43,8.15632,Clinical_Labs,,,2.31926
2022,18,79892,6702.0,51,8.45266,Clinical_Labs,,,2.38743
2022,19,84554,6086.0,63,7.27228,Clinical_Labs,,,2.5726
2022,20,84708,5059.0,27,6.00416,Clinical_Labs,,,2.46368
2022,21,82842,4756.0,39,5.78813,Clinical_Labs,,,2.39323
2022,22,78158,3785.0,46,4.90161,Clinical_Labs,,,2.42307
2022,23,75043,2451.0,34,3.31143,Clinical_Labs,,,2.15926
2022,24,69476,1600.0,42,2.36341,Clinical_Labs,,,1.98659
2022,25,66510,1084.0,40,1.68997,Clinical_Labs,,,1.87626
2022,26,64429,780.0,37,1.26806,Clinical_Labs,,,1.80173
2022,27,63996,593.0,30,0.973498,Clinical_Labs,,,1.81325
2022,28,61558,438.0,50,0.792748,Clinical_Labs,,,1.67273
2022,29,62251,348.0,38,0.62007,Clinical_Labs,,,1.65436
2022,30,57937,268.0,31,0.516078,Clinical_Labs,,,1.66503
2022,31,54829,240.0,29,0.490616,Clinical_Labs,,,1.52846
2022,32,52169,224.0,27,0.481129,Clinical_Labs,,,1.51766
2022,33,53636,223.0,34,0.479156,Clinical_Labs,,,1.59458
2022,34,57496,300.0,41,0.593085,Clinical_Labs,,,1.82581
2022,35,59999,335.0,35,0.616677,Clinical_Labs,,,1.9377
2022,36,59748,428.0,22,0.753163,Clinical_Labs,,,2.00147
2022,37,62269,503.0,37,0.867205,Clinical_Labs,,,2.03389
2022,38,67455,775.0,65,1.24527,Clinical_Labs,,,2.27821
2022,39,66897,1268.0,83,2.01952,Clinical_Labs,,,2.35649
2022,40,78249,1984.0,105,2.66968,Clinical_Labs,,,2.61257
2022,41,88055,2961.0,88,3.46261,Clinical_Labs,,,3.00763
2022,42,95427,5080.0,108,5.43662,Clinical_Labs,,,3.31975
2022,43,112851,9341.0,113,8.37742,Clinical_Labs,,,4.3682
2022,44,133627,16953.0,145,12.7953,Clinical_Labs,,,5.42144
2022,45,144126,21338.0,188,14.9355,Clinical_Labs,,,5.73522
2022,46,157775,28750.0,189,18.3419,Clinical_Labs,,,5.91793
2022,47,157960,40596.0,179,25.8135,Clinical_Labs,,,7.42531
2022,48,191785,48835.0,172,25.5531,Clinical_Labs,,,7.21822
2022,49,182500,47727.0,208,26.2658,Clinical_Labs,,,6.87034
2022,50,172825,42073.0,216,24.4693,Clinical_Labs,,,6.29772
2022,51,151384,31309.0,143,20.7763,Clinical_Labs,,,6.00293
2022,52,138757,20501.0,173,14.8994,Clinical_Labs,,,5.33838
2023,1,121002,10268.0,153,8.61225,Clinical_Labs,,,3.93482
2023,2,109210,4852.0,156,4.58566,Clinical_Labs,,,2.94564
2023,3,106790,2982.0,158,2.94035,Clinical_Labs,,,2.63811
2023,4,99616,1943.0,169,2.12014,Clinical_Labs,,,2.62522
2023,5,97168,1426.0,200,1.67339,Clinical_Labs,,,2.58477
2023,6,100754,1111.0,269,1.36967,Clinical_Labs,,,2.59148
2023,7,95973,780.0,261,1.08468,Clinical_Labs,,,2.5701
2023,8,92696,725.0,219,1.01838,Clinical_Labs,,,2.52707
2023,9,90640,609.0,227,0.92233,Clinical_Labs,,,2.4046
2023,10,86376,602.0,298,1.04196,Clinical_Labs,,,2.3571
2023,11,84308,490.0,264,0.89434,Clinical_Labs,,,2.3545
2023,12,82274,477.0,304,0.949267,Clinical_Labs,,,2.31096
2023,13,76692,380.0,356,0.959683,Clinical_Labs,,,2.25771
2023,14,72529,401.0,365,1.05613,Clinical_Labs,,,2.12953
2023,15,61439,281.0,342,1.01401,Clinical_Labs,,,2.01047
2023,16,56701,209.0,266,0.837728,Clinical_Labs,,,1.90776
2023,17,53442,221.0,289,0.954306,Clinical_Labs,,,1.90393
2023,18,52888,199.0,300,0.943503,Clinical_Labs,,,1.93608
2023,19,54713,198.0,359,1.01804,Clinical_Labs,,,1.90846
2023,20,47958,192.0,372,1.17603,Clinical_Labs,,,1.88236
2023,21,44133,225.0,302,1.19412,Clinical_Labs,,,1.83328
2023,22,42516,250.0,305,1.30539,Clinical_Labs,,,1.83857
2023,23,39470,224.0,208,1.0945,Clinical_Labs,,,1.57748
2023,24,35938,212.0,186,1.10746,Clinical_Labs,,,1.48614
2023,25,32938,190.0,122,0.947234,Clinical_Labs,,,1.36472
2023,26,30331,221.0,114,1.10448,Clinical_Labs,,,1.27095
2023,27,30289,268.0,98,1.20836,Clinical_Labs,,,1.22553
2023,28,30661,187.0,119,0.998011,Clinical_Labs,,,1.15793
2023,29,30857,200.0,108,0.998153,Clinical_Labs,,,1.12685
2023,30,31387,183.0,129,0.994042,Clinical_Labs,,,1.16805
2023,31,32425,203.0,142,1.06399,Clinical_Labs,,,1.20299
2023,32,36133,184.0,125,0.855174,Clinical_Labs,,,1.27357
2023,33,40456,212.0,151,0.897271,Clinical_Labs,,,1.44821
2023,34,47416,233.0,132,0.769782,Clinical_Labs,,,1.70391
2023,35,53059,266.0,115,0.718069,Clinical_Labs,,,1.93305
2023,36,55332,262.0,126,0.701222,Clinical_Labs,,,2.00204
2023,37,58288,314.0,148,0.792616,Clinical_Labs,,,1.94047
2023,38,61602,347.0,217,0.915555,Clinical_Labs,,,2.03761
2023,39,61810,360.0,217,0.933506,Clinical_Labs,,,2.08992
2023,40,64939,430.0,285,1.10103,Clinical_Labs,,,2.27793
2023,41,65514,594.0,290,1.34933,Clinical_Labs,,,2.33671
2023,42,66801,693.0,318,1.51345,Clinical_Labs,,,2.52187
2023,43,69229,862.0,393,1.81282,Clinical_Labs,,,2.7123
2023,44,77193,1456.0,566,2.61941,Clinical_Labs,,,2.94534
2023,45,92301,2582.0,1072,3.95879,Clinical_Labs,,,3.40907
2023,46,100657,3647.0,1250,4.86504,Clinical_Labs,,,3.68972
2023,47,95965,4334.0,1347,5.91987,Clinical_Labs,,,3.92848
2023,48,118752,6571.0,1705,6.96915,Clinical_Labs,,,4.03342
2023,49,126299,10169.0,2207,9.79897,Clinical_Labs,,,4.38274
2023,50,138909,15256.0,3340,13.3872,Clinical_Labs,,,5.1835
2023,51,155722,22285.0,4688,17.3213,Clinical_Labs,,,6.22917
2023,52,153922,22917.0,5035,18.1605,Clinical_Labs,,,6.7957
2024,1,137969,15374.0,3666,13.8031,Clinical_Labs,,,5.71368
2024,2,130403,14376.0,3706,13.867,Clinical_Labs,,,4.65928
2024,3,116068,13213.0,4084,14.9059,Clinical_Labs,,,4.3245
2024,4,120481,14151.0,5283,16.1303,Clinical_Labs,,,4.22931
2024,5,123949,13525.0,6687,16.3067,Clinical_Labs,,,4.41989
2024,6,124097,12145.0,7526,15.8521,Clinical_Labs,,,4.45634
2024,7,120149,11042.0,7662,15.5673,Clinical_Labs,,,4.35464
2024,8,118107,10143.0,8185,15.5181,Clinical_Labs,,,4.33678
2024,9,109663,8944.0,7447,14.9467,Clinical_Labs,,,4.05611
2024,10,103198,7780.0,6901,14.2261,Clinical_Labs,,,3.71978
2024,11,97623,5798.0,5840,11.9214,Clinical_Labs,,,3.39628
2024,12,90497,4766.0,4612,10.3628,Clinical_Labs,,,3.0858
2024,13,86150,4001.0,3884,9.15264,Clinical_Labs,,,2.9714
2024,14,81799,3243.0,2923,7.53799,Clinical_Labs,,,2.76565
2024,15,77973,2389.0,2128,5.79303,Clinical_Labs,,,2.53804
2024,16,71822,1866.0,1551,4.7576,Clinical_Labs,,,2.24764
2024,17,70211,1496.0,1172,3.79997,Clinical_Labs,,,2.19003
2024,18,60132,1106.0,816,3.1963,Clinical_Labs,,,2.0989
2024,19,54075,807.0,451,2.3264,Clinical_Labs,,,2.00353
2024,20,52042,595.0,354,1.82353,Clinical_Labs,,,1.97624
2024,21,50362,538.0,288,1.64013,Clinical_Labs,,,1.90643
2024,22,45394,562.0,182,1.63898,Clinical_Labs,,,1.87634
2024,23,43789,503.0,145,1.47982,Clinical_Labs,,,1.66026
2024,24,41945,425.0,113,1.28263,Clinical_Labs,,,1.58147
2024,25,39787,341.0,76,1.04808,Clinical_Labs,,,1.49219
2024,26,37950,294.0,44,0.890646,Clinical_Labs,,,1.46571
2024,27,38217,344.0,33,0.986472,Clinical_Labs,,,1.37621
2024,28,41312,304.0,39,0.830267,Clinical_Labs,,,1.45491
2024,29,41425,256.0,31,0.692818,Clinical_Labs,,,1.45267
2024,30,44143,239.0,27,0.602587,Clinical_Labs,,,1.52184
2024,31,45125,215.0,37,0.558449,Clinical_Labs,,,1.53512
2024,32,46583,199.0,27,0.485156,Clinical_Labs,,,1.53963
2024,33,50508,201.0,27,0.451414,Clinical_Labs,,,1.56538
2024,34,53810,205.0,30,0.436722,Clinical_Labs,,,1.76722
2024,35,59674,211.0,37,0.415591,Clinical_Labs,,,1.93367
2024,36,59672,234.0,29,0.440743,Clinical_Labs,,,1.91961
2024,37,62349,271.0,26,0.476351,Clinical_Labs,,,1.95498
2024,38,63235,295.0,41,0.531351,Clinical_Labs,,,1.95298
2024,39,57421,244.0,60,0.529423,Clinical_Labs,,,1.93469
2024,40,66166,390.0,56,0.674062,Clinical_Labs,,,1.95616
2024,41,69718,414.0,54,0.671276,Clinical_Labs,,,2.07202
2024,42,72766,465.0,63,0.725614,Clinical_Labs,,,2.10974
2024,43,75603,644.0,86,0.96557,Clinical_Labs,,,2.26294
2024,44,75177,843.0,74,1.21979,Clinical_Labs,,,2.36488
2024,45,76717,1088.0,84,1.52769,Clinical_Labs,,,2.53252
2024,46,81959,1604.0,126,2.11081,Clinical_Labs,,,2.74219
2024,47,86735,2291.0,167,2.83392,Clinical_Labs,,,2.95469
2024,48,83810,3122.0,187,3.94822,Clinical_Labs,,,3.22461
2024,49,98301,4837.0,261,5.18611,Clinical_Labs,,,3.36749
2024,50,106220,8760.0,368,8.59349,Clinical_Labs,,,3.81411
2024,51,123540,17004.0,513,14.1792,Clinical_Labs,,,4.95245
2024,52,130385,23216.0,612,18.2751,Clinical_Labs,,,6.77789
2025,1,138730,24614.0,660,18.2181,Clinical_Labs,,,6.34539
2025,2,133713,23900.0,700,18.3976,Clinical_Labs,,,5.36549
2025,3,141593,32808.0,926,23.8246,Clinical_Labs,,,5.76829
2025,4,147898,41255.0,1292,28.7678,Clinical_Labs,,,6.98566
2025,5,173660,52889.0,2110,31.6705,Clinical_Labs,,,7.75162
2025,6,178095,53042.0,2898,31.4102,Clinical_Labs,,,7.82516
2025,7,160299,41462.0,3169,27.8423,Clinical_Labs,,,6.92877
2025,8,144737,30155.0,3607,23.3264,Clinical_Labs,,,5.95217
2025,9,132612,22205.0,3592,19.453,Clinical_Labs,,,4.91674
2025,10,114538,14515.0,3635,15.8463,Clinical_Labs,,,4.28468
2025,11,94105,8771.0,3581,13.1258,Clinical_Labs,,,3.8699
2025,12,78062,4961.0,3397,10.7069,Clinical_Labs,,,3.29071
2000,40,1387,,1,0.0720981,Combined_Labs,0.0,0.0,1.04113
2000,41,1490,,0,0.268456,Combined_Labs,2.0,0.0,1.2871
2000,42,1691,,2,0.236546,Combined_Labs,1.0,0.0,1.28299
2000,43,1683,,2,0.831848,Combined_Labs,7.0,3.0,1.34081
2000,44,1964,,3,0.814664,Combined_Labs,10.0,1.0,1.0555
2000,45,1862,,7,1.98711,Combined_Labs,24.0,1.0,1.14136
2000,46,2183,,13,1.96977,Combined_Labs,17.0,1.0,1.44111
2000,47,2201,,24,3.49841,Combined_Labs,20.0,2.0,1.95735
2000,48,2505,,36,3.91218,Combined_Labs,31.0,1.0,1.61928
2000,49,2841,,41,5.66702,Combined_Labs,51.0,3.0,1.7844
2000,50,3275,,55,6.90076,Combined_Labs,61.0,3.0,2.34423
2000,51,3370,,103,11.6914,Combined_Labs,114.0,2.0,2.69528
2000,52,3310,,132,13.8671,Combined_Labs,118.0,0.0,3.8618
2001,1,3821,,167,13.3735,Combined_Labs,147.0,5.0,3.505
2001,2,4563,,275,17.7953,Combined_Labs,203.0,5.0,3.43804
2001,3,5121,,373,22.1051,Combined_Labs,257.0,2.0,4.3928
2001,4,5729,,489,23.2152,Combined_Labs,286.0,5.0,4.21339
2001,5,5914,,524,20.9334,Combined_Labs,258.0,1.0,4.35364
2001,6,5619,,587,18.9891,Combined_Labs,186.0,3.0,3.69969
2001,7,4920,,470,15.4268,Combined_Labs,101.0,4.0,2.81921
2001,8,4571,,437,13.9357,Combined_Labs,74.0,5.0,2.55294
2001,9,4321,,377,11.4557,Combined_Labs,41.0,7.0,1.90167
2001,10,3793,,197,7.19747,Combined_Labs,36.0,1.0,1.68033
2001,11,3368,,152,5.90855,Combined_Labs,24.0,2.0,1.6254
2001,12,3132,,153,5.77905,Combined_Labs,6.0,3.0,1.45957
2001,13,2788,,96,4.3759,Combined_Labs,16.0,1.0,1.32376
2001,14,2386,,68,3.26907,Combined_Labs,5.0,0.0,0.920073
2001,15,2020,,37,2.22772,Combined_Labs,0.0,1.0,0.779257
2001,16,1825,,44,2.57534,Combined_Labs,2.0,0.0,0.991303
2001,17,1640,,21,1.28049,Combined_Labs,0.0,0.0,0.82693
2001,18,1528,,8,0.589005,Combined_Labs,0.0,0.0,0.588952
2001,19,1359,,6,0.515085,Combined_Labs,0.0,0.0,0.605586
2001,20,1317,,9,0.683371,Combined_Labs,0.0,0.0,0.49434
2001,21,1125,,0,0.0888889,Combined_Labs,0.0,0.0,0.0
2001,22,977,,0,0.204708,Combined_Labs,0.0,0.0,0.0
2001,23,523,,0,0.191205,Combined_Labs,1.0,0.0,0.0
2001,24,38,,0,2.63158,Combined_Labs,0.0,0.0,0.0
2001,25,50,,0,0.0,Combined_Labs,0.0,0.0,0.0
2001,26,52,,0,0.0,Combined_Labs,0.0,0.0,0.0
2001,27,23,,0,0.0,Combined_Labs,0.0,0.0,0.0
2001,28,37,,0,0.0,Combined_Labs,0.0,0.0,0.0
2001,29,22,,0,0.0,Combined_Labs,0.0,0.0,0.0
2001,30,26,,0,0.0,Combined_Labs,0.0,0.0,0.0
2001,31,24,,0,0.0,Combined_Labs,0.0,0.0,0.0
2001,32,24,,0,0.0,Combined_Labs,0.0,0.0,0.0
2001,33,43,,0,0.0,Combined_Labs,0.0,0.0,0.0
2001,34,34,,0,0.0,Combined_Labs,0.0,0.0,0.0
2001,35,16,,0,0.0,Combined_Labs,0.0,0.0,0.0
2001,36,19,,0,0.0,Combined_Labs,0.0,0.0,0.0
2001,37,9,,0,0.0,Combined_Labs,0.0,0.0,0.0
2001,38,7,,0,0.0,Combined_Labs,0.0,0.0,0.0
2001,39,0,,0,0.0,Combined_Labs,0.0,0.0,0.0
2001,40,1154,,1,0.693241,Combined_Labs,0.0,4.0,1.41046
2001,41,1415,,0,0.353357,Combined_Labs,0.0,2.0,1.77019
2001,42,1468,,0,0.544959,Combined_Labs,0.0,3.0,1.61904
2001,43,1583,,0,1.07391,Combined_Labs,0.0,9.0,1.77065
2001,44,1704,,0,0.762911,Combined_Labs,1.0,6.0,1.93891
2001,45,1843,,0,0.705372,Combined_Labs,0.0,12.0,1.63439
2001,46,2096,,1,2.19466,Combined_Labs,0.0,37.0,1.90363
2001,47,2052,,3,1.60819,Combined_Labs,0.0,25.0,1.80556
2001,48,2401,,1,3.08205,Combined_Labs,0.0,50.0,1.75506
2001,49,2331,,5,3.5607,Combined_Labs,1.0,34.0,1.53023
2001,50,2434,,2,4.60148,Combined_Labs,2.0,39.0,1.46161
2001,51,2915,,4,5.7976,Combined_Labs,3.0,44.0,1.96048
2001,52,2621,,1,8.39374,Combined_Labs,0.0,51.0,2.20435
2002,1,3531,,2,9.74228,Combined_Labs,0.0,108.0,2.1348
2002,2,3900,,6,13.8462,Combined_Labs,0.0,144.0,1.89441
2002,3,4696,,5,19.7402,Combined_Labs,1.0,268.0,2.83109
2002,4,5816,,12,21.3721,Combined_Labs,4.0,387.0,3.30481
2002,5,6466,,24,22.7962,Combined_Labs,3.0,450.0,3.61063
2002,6,7191,,19,22.7924,Combined_Labs,6.0,613.0,3.42799
2002,7,7572,,28,23.8642,Combined_Labs,4.0,615.0,3.76715
2002,8,7358,,68,24.9117,Combined_Labs,11.0,538.0,3.60018
2002,9,6217,,86,22.921,Combined_Labs,8.0,384.0,3.20024
2002,10,5368,,136,21.1811,Combined_Labs,7.0,264.0,2.92633
2002,11,4337,,166,18.5151,Combined_Labs,6.0,156.0,2.85857
2002,12,3763,,210,15.1209,Combined_Labs,2.0,103.0,2.34745
2002,13,3332,,284,13.7455,Combined_Labs,3.0,44.0,2.23498
2002,14,2660,,235,12.406,Combined_Labs,3.0,20.0,1.99355
2002,15,2329,,192,10.863,Combined_Labs,4.0,17.0,1.37168
2002,16,2001,,226,13.0935,Combined_Labs,6.0,18.0,1.27033
2002,17,1820,,138,8.57143,Combined_Labs,1.0,9.0,0.999331
2002,18,1643,,149,10.2252,Combined_Labs,1.0,11.0,1.172
2002,19,1655,,140,8.76133,Combined_Labs,1.0,0.0,1.03472
2002,20,1467,,86,5.99864,Combined_Labs,1.0,0.0,0.703599
2002,21,1302,,61,4.91551,Combined_Labs,0.0,0.0,0.0
2002,22,995,,34,3.61809,Combined_Labs,0.0,0.0,0.0
2002,23,948,,25,2.74262,Combined_Labs,0.0,0.0,0.0
2002,24,850,,7,0.823529,Combined_Labs,0.0,0.0,0.0
2002,25,692,,2,0.289017,Combined_Labs,0.0,0.0,0.0
2002,26,700,,4,0.571429,Combined_Labs,0.0,0.0,0.0
2002,27,490,,2,0.408163,Combined_Labs,0.0,0.0,0.0
2002,28,591,,1,0.169205,Combined_Labs,0.0,0.0,0.0
2002,29,578,,0,0.0,Combined_Labs,0.0,0.0,0.0
2002,30,601,,1,0.332779,Combined_Labs,0.0,0.0,0.0
2002,31,530,,0,0.0,Combined_Labs,0.0,0.0,0.0
2002,32,566,,0,0.0,Combined_Labs,0.0,0.0,0.0
2002,33,516,,0,0.0,Combined_Labs,0.0,0.0,0.0
2002,34,533,,0,0.0,Combined_Labs,0.0,0.0,0.0
2002,35,588,,1,0.170068,Combined_Labs,0.0,0.0,0.0
2002,36,482,,0,0.0,Combined_Labs,0.0,0.0,0.0
2002,37,561,,0,0.0,Combined_Labs,0.0,0.0,0.0
2002,38,475,,1,0.631579,Combined_Labs,0.0,1.0,0.0
2002,39,391,,2,0.511509,Combined_Labs,0.0,0.0,0.0
2002,40,1443,,0,0.0,Combined_Labs,0.0,0.0,1.22262
2002,41,1517,,1,0.197759,Combined_Labs,1.0,0.0,1.33344
2002,42,1590,,0,0.0,Combined_Labs,0.0,0.0,1.31929
2002,43,1774,,1,0.338219,Combined_Labs,4.0,0.0,1.49484
2002,44,1636,,3,0.366748,Combined_Labs,0.0,0.0,1.47195
2002,45,1988,,3,0.251509,Combined_Labs,0.0,2.0,1.58094
2002,46,2107,,4,0.474608,Combined_Labs,0.0,0.0,1.49426
2002,47,2091,,16,1.05213,Combined_Labs,2.0,0.0,1.40569
2002,48,1900,,6,0.789474,Combined_Labs,1.0,3.0,1.6141
2002,49,2414,,28,1.657,Combined_Labs,4.0,3.0,1.45967
2002,50,2493,,73,3.89089,Combined_Labs,8.0,2.0,1.59896
2002,51,2910,,146,6.56357,Combined_Labs,17.0,3.0,2.16697
2002,52,2368,,119,6.75676,Combined_Labs,17.0,6.0,2.57842
2003,1,2632,,82,5.6231,Combined_Labs,27.0,8.0,2.38636
2003,2,2828,,134,8.80481,Combined_Labs,50.0,19.0,1.73621
2003,3,3108,,202,11.4865,Combined_Labs,68.0,11.0,2.06296
2003,4,3352,,276,16.3186,Combined_Labs,105.0,24.0,2.58113
2003,5,4166,,413,20.4993,Combined_Labs,173.0,53.0,2.93909
2003,6,4874,,598,26.3644,Combined_Labs,279.0,76.0,3.22539
2003,7,4676,,517,25.3208,Combined_Labs,253.0,115.0,3.06982
2003,8,4416,,368,22.5543,Combined_Labs,253.0,126.0,3.20044
2003,9,4348,,357,22.2171,Combined_Labs,275.0,101.0,2.44888
2003,10,3633,,214,18.6898,Combined_Labs,199.0,87.0,2.1344
2003,11,3422,,175,17.1245,Combined_Labs,175.0,62.0,1.99866
2003,12,3435,,124,14.6434,Combined_Labs,169.0,77.0,1.93849
2003,13,2820,,71,9.96454,Combined_Labs,90.0,29.0,1.41293
2003,14,2352,,41,8.54592,Combined_Labs,40.0,32.0,1.23472
2003,15,2131,,16,5.1619,Combined_Labs,24.0,23.0,1.20005
2003,16,1777,,23,5.00844,Combined_Labs,13.0,20.0,0.910135
2003,17,1406,,11,4.12518,Combined_Labs,9.0,20.0,0.932265
2003,18,1222,,20,5.56465,Combined_Labs,16.0,16.0,0.692175
2003,19,1121,,10,2.49777,Combined_Labs,6.0,7.0,0.669406
2003,20,931,,6,2.04082,Combined_Labs,7.0,3.0,0.727705
2003,21,872,,7,1.83486,Combined_Labs,3.0,5.0,0.717701
2003,22,705,,4,0.851064,Combined_Labs,0.0,2.0,0.789394
2003,23,721,,8,1.80305,Combined_Labs,3.0,0.0,0.722129
2003,24,683,,4,1.02489,Combined_Labs,0.0,3.0,0.591326
2003,25,551,,2,0.725953,Combined_Labs,0.0,1.0,0.52307
2003,26,439,,0,0.455581,Combined_Labs,1.0,1.0,0.450236
2003,27,643,,0,0.155521,Combined_Labs,0.0,1.0,0.397421
2003,28,632,,0,0.474684,Combined_Labs,0.0,2.0,0.448002
2003,29,697,,0,0.573888,Combined_Labs,0.0,4.0,0.474767
2003,30,636,,0,0.628931,Combined_Labs,0.0,4.0,0.453251
2003,31,632,,1,1.26582,Combined_Labs,0.0,7.0,0.352158
2003,32,632,,0,0.316456,Combined_Labs,0.0,2.0,0.525322
2003,33,761,,0,0.394218,Combined_Labs,0.0,2.0,0.492991
2003,34,649,,0,0.0,Combined_Labs,0.0,0.0,0.542728
2003,35,672,,0,0.0,Combined_Labs,0.0,0.0,0.490347
2003,36,512,,0,0.390625,Combined_Labs,0.0,0.0,0.735914
2003,37,604,,0,0.165563,Combined_Labs,0.0,1.0,0.581771
2003,38,535,,0,0.373832,Combined_Labs,0.0,1.0,0.654162
2003,39,414,,0,0.0,Combined_Labs,0.0,0.0,0.749504
2003,40,1430,,1,1.53846,Combined_Labs,0.0,2.0,0.884021
2003,41,1682,,0,4.57788,Combined_Labs,0.0,3.0,1.02773
2003,42,2176,,1,11.6268,Combined_Labs,0.0,17.0,1.28296
2003,43,2568,,4,17.8349,Combined_Labs,0.0,56.0,1.32661
2003,44,2753,,0,19.4333,Combined_Labs,0.0,100.0,1.77304
2003,45,3553,,3,24.2612,Combined_Labs,1.0,273.0,2.43814
2003,46,4595,,2,28.0958,Combined_Labs,0.0,381.0,2.72605
2003,47,5942,,8,33.1202,Combined_Labs,0.0,585.0,3.73192
2003,48,6479,,10,34.743,Combined_Labs,0.0,489.0,4.54894
2003,49,9598,,32,34.0592,Combined_Labs,0.0,977.0,5.39906
2003,50,12422,,29,32.9255,Combined_Labs,0.0,1401.0,7.38735
2003,51,11783,,20,30.7986,Combined_Labs,0.0,1084.0,7.48097
2003,52,9748,,16,24.7333,Combined_Labs,0.0,569.0,7.62797
2003,53,8461,,12,20.104,Combined_Labs,0.0,463.0,5.14051
2004,1,6936,,9,12.4279,Combined_Labs,0.0,280.0,2.89129
2004,2,5411,,5,9.33284,Combined_Labs,0.0,169.0,2.10429
2004,3,4329,,3,6.00601,Combined_Labs,0.0,96.0,1.88696
2004,4,4166,,3,3.98464,Combined_Labs,0.0,93.0,1.7766
2004,5,3661,,2,2.9227,Combined_Labs,1.0,46.0,1.46001
2004,6,3530,,5,1.84136,Combined_Labs,0.0,24.0,1.37787
2004,7,3136,,8,1.78571,Combined_Labs,0.0,29.0,1.30532
2004,8,2559,,12,1.48496,Combined_Labs,0.0,16.0,1.08691
2004,9,2651,,8,0.678989,Combined_Labs,0.0,4.0,0.991888
2004,10,2369,,6,0.590967,Combined_Labs,0.0,2.0,1.02765
2004,11,2239,,2,0.580616,Combined_Labs,0.0,4.0,1.0579
2004,12,1801,,15,1.33259,Combined_Labs,0.0,5.0,0.849361
2004,13,1850,,9,0.918919,Combined_Labs,0.0,3.0,0.747127
2004,14,1778,,8,0.506187,Combined_Labs,0.0,0.0,0.661708
2004,15,1564,,12,0.959079,Combined_Labs,0.0,0.0,0.679514
2004,16,1449,,11,1.65631,Combined_Labs,0.0,2.0,0.633071
2004,17,1377,,7,0.798838,Combined_Labs,0.0,0.0,0.569894
2004,18,1298,,6,0.693374,Combined_Labs,0.0,0.0,0.591357
2004,19,1241,,2,0.16116,Combined_Labs,0.0,0.0,0.589044
2004,20,1105,,3,0.361991,Combined_Labs,0.0,0.0,0.67864
2004,21,1055,,3,0.56872,Combined_Labs,0.0,1.0,0.637558
2004,22,823,,4,0.72904,Combined_Labs,0.0,0.0,0.813309
2004,23,793,,2,0.37831,Combined_Labs,0.0,0.0,0.834551
2004,24,844,,2,0.236967,Combined_Labs,0.0,0.0,0.616174
2004,25,741,,1,0.404858,Combined_Labs,0.0,1.0,0.513286
2004,26,730,,2,0.410959,Combined_Labs,0.0,1.0,0.351881
2004,27,573,,1,0.17452,Combined_Labs,0.0,0.0,0.542621
2004,28,746,,2,0.268097,Combined_Labs,0.0,0.0,0.581036
2004,29,563,,2,0.35524,Combined_Labs,0.0,0.0,0.495486
2004,30,671,,0,0.0,Combined_Labs,0.0,0.0,0.61209
2004,31,628,,1,0.318471,Combined_Labs,0.0,1.0,0.531491
2004,32,620,,0,0.16129,Combined_Labs,0.0,1.0,0.519987
2004,33,647,,1,0.15456,Combined_Labs,0.0,0.0,0.574476
2004,34,823,,1,0.486027,Combined_Labs,0.0,0.0,0.663175
2004,35,827,,0,0.483676,Combined_Labs,0.0,4.0,0.614691
2004,36,822,,3,0.364964,Combined_Labs,0.0,0.0,0.656823
2004,37,907,,2,0.771775,Combined_Labs,0.0,1.0,0.723016
2004,38,890,,1,0.449438,Combined_Labs,0.0,2.0,0.691857
2004,39,919,,2,1.52339,Combined_Labs,0.0,4.0,0.782758
2004,40,1860,,4,0.645161,Combined_Labs,0.0,5.0,0.982275
2004,41,2154,,1,0.649954,Combined_Labs,0.0,10.0,1.01821
2004,42,2412,,11,1.61692,Combined_Labs,0.0,16.0,1.1768
2004,43,2620,,7,1.22137,Combined_Labs,0.0,13.0,1.30121
2004,44,2771,,16,1.62396,Combined_Labs,0.0,19.0,1.27746
2004,45,3074,,24,2.01692,Combined_Labs,0.0,28.0,1.40387
2004,46,3310,,21,2.77946,Combined_Labs,0.0,41.0,1.40301
2004,47,3111,,21,1.96078,Combined_Labs,0.0,18.0,1.73975
2004,48,3826,,32,3.58076,Combined_Labs,0.0,65.0,1.56894
2004,49,3846,,32,5.0182,Combined_Labs,0.0,88.0,1.65927
2004,50,4359,,45,6.56114,Combined_Labs,1.0,114.0,1.81341
2004,51,4509,,54,11.7764,Combined_Labs,1.0,186.0,2.37626
2004,52,5807,,123,16.7556,Combined_Labs,0.0,340.0,2.77052
2005,1,6921,,166,18.5667,Combined_Labs,2.0,405.0,2.40064
2005,2,6646,,182,16.9425,Combined_Labs,2.0,308.0,2.54155
2005,3,6948,,212,21.3443,Combined_Labs,2.0,377.0,2.85871
2005,4,8010,,306,23.2959,Combined_Labs,1.0,514.0,3.55011
2005,5,8654,,424,26.8662,Combined_Labs,0.0,687.0,4.58591
2005,6,9684,,478,26.5489,Combined_Labs,2.0,640.0,5.05809
2005,7,10586,,613,25.5526,Combined_Labs,2.0,692.0,5.44151
2005,8,9710,,618,23.4604,Combined_Labs,1.0,524.0,4.4729
2005,9,8511,,520,19.9507,Combined_Labs,0.0,228.0,3.6752
2005,10,7580,,418,16.0422,Combined_Labs,0.0,163.0,3.3353
2005,11,6540,,471,16.9419,Combined_Labs,0.0,148.0,2.76224
2005,12,5928,,463,14.6592,Combined_Labs,0.0,103.0,2.46844
2005,13,5134,,343,11.044,Combined_Labs,3.0,54.0,2.00081
2005,14,3894,,212,9.11659,Combined_Labs,0.0,47.0,1.54319
2005,15,3339,,123,5.27104,Combined_Labs,0.0,14.0,1.50195
2005,16,2933,,75,4.19366,Combined_Labs,1.0,21.0,1.22918
2005,17,2570,,42,2.68482,Combined_Labs,0.0,12.0,1.21854
2005,18,2250,,33,2.26667,Combined_Labs,0.0,10.0,1.15832
2005,19,2136,,19,1.73221,Combined_Labs,0.0,13.0,1.249
2005,20,1889,,16,2.06458,Combined_Labs,0.0,20.0,1.16888
2005,21,1809,,19,1.71365,Combined_Labs,0.0,9.0,1.07888
2005,22,1682,,15,1.36742,Combined_Labs,0.0,5.0,1.23059
2005,23,1576,,8,0.761421,Combined_Labs,0.0,4.0,1.14747
2005,24,1514,,10,0.990753,Combined_Labs,0.0,3.0,1.00254
2005,25,1229,,5,0.895037,Combined_Labs,0.0,5.0,0.957569
2005,26,1215,,1,0.576132,Combined_Labs,0.0,0.0,0.894837
2005,27,1073,,4,0.465983,Combined_Labs,0.0,1.0,0.798205
2005,28,991,,2,0.201816,Combined_Labs,0.0,0.0,0.757812
2005,29,983,,2,0.305188,Combined_Labs,0.0,0.0,0.825963
2005,30,1124,,1,0.177936,Combined_Labs,0.0,1.0,0.744927
2005,31,1018,,0,0.0,Combined_Labs,0.0,0.0,0.787049
2005,32,964,,0,0.414938,Combined_Labs,0.0,3.0,0.684724
2005,33,989,,0,0.606673,Combined_Labs,1.0,0.0,0.747361
2005,34,1016,,0,0.393701,Combined_Labs,0.0,2.0,0.673974
2005,35,1054,,1,0.56926,Combined_Labs,0.0,2.0,0.869662
2005,36,1031,,0,0.0969932,Combined_Labs,0.0,1.0,0.899529
2005,37,1099,,1,0.454959,Combined_Labs,0.0,4.0,0.854635
2005,38,1280,,0,0.15625,Combined_Labs,0.0,2.0,1.01123
2005,39,1421,,1,0.492611,Combined_Labs,0.0,2.0,0.977808
2005,40,1894,,1,0.580781,Combined_Labs,0.0,6.0,1.17778
2005,41,2191,,2,0.547695,Combined_Labs,0.0,6.0,1.21947
2005,42,2349,,5,1.06428,Combined_Labs,0.0,12.0,1.3069
2005,43,2780,,2,0.503597,Combined_Labs,0.0,6.0,1.33931
2005,44,2890,,3,0.795848,Combined_Labs,0.0,13.0,1.58374
2005,45,3320,,7,1.29518,Combined_Labs,1.0,21.0,1.47072
2005,46,3861,,4,1.2173,Combined_Labs,2.0,18.0,1.6112
2005,47,3268,,3,1.59119,Combined_Labs,0.0,19.0,1.82699
2005,48,4056,,2,2.85996,Combined_Labs,1.0,57.0,1.77482
2005,49,3863,,8,5.53974,Combined_Labs,1.0,126.0,1.94451
2005,50,4618,,5,8.6401,Combined_Labs,0.0,269.0,2.35512
2005,51,5418,,11,12.7538,Combined_Labs,1.0,296.0,3.10878
2005,52,5829,,23,13.4843,Combined_Labs,2.0,336.0,3.28238
2006,1,6417,,24,11.7189,Combined_Labs,1.0,259.0,2.62914
2006,2,6378,,22,13.2173,Combined_Labs,4.0,297.0,2.2515
2006,3,6255,,29,14.1167,Combined_Labs,4.0,285.0,2.35858
2006,4,6732,,33,15.7308,Combined_Labs,4.0,308.0,2.41881
2006,5,7029,,74,16.688,Combined_Labs,6.0,314.0,2.52752
2006,6,7226,,142,17.9491,Combined_Labs,9.0,321.0,2.64954
2006,7,8105,,184,19.5682,Combined_Labs,17.0,372.0,3.12935
2006,8,7948,,242,20.4454,Combined_Labs,16.0,364.0,3.12442
2006,9,7978,,396,22.5871,Combined_Labs,29.0,435.0,3.13099
2006,10,7819,,408,22.4325,Combined_Labs,54.0,411.0,3.08261
2006,11,6995,,441,19.7427,Combined_Labs,40.0,276.0,2.64431
2006,12,6444,,432,18.4668,Combined_Labs,79.0,181.0,2.42295
2006,13,5424,,438,17.9757,Combined_Labs,63.0,134.0,2.31141
2006,14,4459,,312,13.5681,Combined_Labs,38.0,53.0,1.86383
2006,15,4032,,241,11.3591,Combined_Labs,24.0,51.0,1.44943
2006,16,3499,,218,9.88854,Combined_Labs,24.0,30.0,1.30227
2006,17,2675,,135,7.47664,Combined_Labs,10.0,2.0,1.13459
2006,18,2516,,128,7.7504,Combined_Labs,7.0,7.0,1.06255
2006,19,2453,,116,7.21565,Combined_Labs,12.0,0.0,1.03428
2006,20,2399,,87,5.62734,Combined_Labs,6.0,1.0,1.01791
2006,21,2058,,93,6.31681,Combined_Labs,9.0,0.0,0.918151
2006,22,1663,,50,4.69032,Combined_Labs,9.0,0.0,0.93099
2006,23,1444,,38,3.80886,Combined_Labs,9.0,0.0,0.857294
2006,24,1267,,11,1.97316,Combined_Labs,3.0,0.0,0.786294
2006,25,1178,,10,1.18846,Combined_Labs,2.0,0.0,0.719426
2006,26,1017,,6,1.17994,Combined_Labs,3.0,1.0,0.718868
2006,27,907,,2,0.882029,Combined_Labs,2.0,0.0,0.774807
2006,28,914,,0,0.765864,Combined_Labs,0.0,1.0,0.76598
2006,29,917,,2,1.19956,Combined_Labs,0.0,0.0,0.642809
2006,30,863,,2,1.96987,Combined_Labs,6.0,1.0,0.622033
2006,31,943,,1,2.12089,Combined_Labs,3.0,0.0,0.616326
2006,32,899,,2,1.33482,Combined_Labs,1.0,0.0,0.685694
2006,33,862,,2,1.39211,Combined_Labs,3.0,0.0,0.622697
2006,34,898,,3,1.67038,Combined_Labs,3.0,0.0,0.611817
2006,35,907,,4,1.87431,Combined_Labs,5.0,0.0,0.638831
2006,36,881,,0,1.4756,Combined_Labs,5.0,0.0,0.806627
2006,37,1067,,1,2.90534,Combined_Labs,13.0,0.0,0.762448
2006,38,996,,2,3.51406,Combined_Labs,22.0,0.0,0.813406
2006,39,971,,3,2.98661,Combined_Labs,13.0,0.0,0.807934
2006,40,2309,,15,2.42529,Combined_Labs,13.0,2.0,1.15384
2006,41,2502,,9,2.67786,Combined_Labs,20.0,1.0,1.14819
2006,42,2900,,22,2.75862,Combined_Labs,17.0,4.0,1.22736
2006,43,3237,,23,2.595,Combined_Labs,13.0,2.0,1.21744
2006,44,3765,,42,3.79814,Combined_Labs,25.0,1.0,1.32813
2006,45,4262,,43,3.63679,Combined_Labs,18.0,1.0,1.47754
2006,46,4525,,32,2.93923,Combined_Labs,25.0,2.0,1.5339
2006,47,4538,,28,3.54782,Combined_Labs,21.0,2.0,1.91269
2006,48,5642,,54,3.70436,Combined_Labs,43.0,1.0,1.838
2006,49,5805,,62,4.5478,Combined_Labs,55.0,2.0,1.95376
2006,50,6686,,120,8.09153,Combined_Labs,106.0,9.0,2.40407
2006,51,7083,,133,10.2922,Combined_Labs,194.0,10.0,2.87453
2006,52,6777,,123,10.3881,Combined_Labs,201.0,14.0,3.02597
2007,1,6711,,86,6.97363,Combined_Labs,128.0,14.0,2.37817
2007,2,6430,,86,9.23795,Combined_Labs,180.0,35.0,2.09232
2007,3,6200,,80,11.5806,Combined_Labs,174.0,44.0,2.29396
2007,4,7200,,154,18.1944,Combined_Labs,310.0,86.0,2.74501
2007,5,8261,,203,22.3823,Combined_Labs,367.0,107.0,3.04434
2007,6,8986,,411,28.1772,Combined_Labs,497.0,133.0,3.49999
2007,7,9780,,416,25.7975,Combined_Labs,430.0,133.0,3.57851
2007,8,9947,,526,23.7961,Combined_Labs,297.0,156.0,3.28979
2007,9,8634,,550,22.5735,Combined_Labs,201.0,192.0,2.89149
2007,10,7848,,470,20.2472,Combined_Labs,169.0,199.0,2.62075
2007,11,6928,,430,19.5294,Combined_Labs,147.0,207.0,2.53387
2007,12,6460,,369,16.8731,Combined_Labs,65.0,165.0,2.07251
2007,13,5558,,211,13.7639,Combined_Labs,59.0,173.0,1.87084
2007,14,4698,,156,11.026,Combined_Labs,33.0,101.0,1.40042
2007,15,4243,,140,12.1376,Combined_Labs,31.0,186.0,1.46887
2007,16,3857,,81,9.67073,Combined_Labs,28.0,126.0,1.15514
2007,17,3015,,68,9.75124,Combined_Labs,21.0,119.0,1.07901
2007,18,3006,,56,6.75316,Combined_Labs,15.0,81.0,0.98492
2007,19,2531,,38,4.97827,Combined_Labs,7.0,38.0,1.03325
2007,20,2341,,27,3.92994,Combined_Labs,3.0,23.0,0.926649
2007,21,1944,,14,4.32099,Combined_Labs,4.0,32.0,0.9201
2007,22,1696,,9,1.76887,Combined_Labs,2.0,7.0,0.954094
2007,23,1670,,4,1.1976,Combined_Labs,1.0,5.0,0.763278
2007,24,1529,,7,1.70046,Combined_Labs,0.0,6.0,0.81722
2007,25,1300,,2,0.615385,Combined_Labs,3.0,1.0,0.764586
2007,26,1278,,4,1.17371,Combined_Labs,0.0,1.0,0.793127
2007,27,1121,,5,1.60571,Combined_Labs,2.0,3.0,0.66909
2007,28,1195,,2,1.92469,Combined_Labs,4.0,8.0,0.62115
2007,29,1154,,1,1.38648,Combined_Labs,4.0,3.0,0.603659
2007,30,1165,,2,3.17597,Combined_Labs,14.0,7.0,0.649058
2007,31,1217,,2,1.97206,Combined_Labs,2.0,6.0,0.568338
2007,32,1157,,4,2.93863,Combined_Labs,11.0,5.0,0.651546
2007,33,1120,,0,1.69643,Combined_Labs,7.0,2.0,0.652176
2007,34,1170,,1,1.96581,Combined_Labs,1.0,0.0,0.803849
2007,35,1204,,7,2.49169,Combined_Labs,10.0,0.0,0.787458
2007,36,1093,,0,2.19579,Combined_Labs,10.0,0.0,0.943263
2007,37,1228,,7,2.443,Combined_Labs,14.0,1.0,0.946932
2007,38,954,,3,3.14465,Combined_Labs,11.0,1.0,0.987146
2007,39,1052,,0,1.90114,Combined_Labs,3.0,1.0,1.05206
2007,40,2382,,5,1.84719,Combined_Labs,17.0,2.0,0.995184
2007,41,2534,,0,1.73639,Combined_Labs,19.0,3.0,1.22003
2007,42,2953,,2,1.62547,Combined_Labs,16.0,2.0,1.28548
2007,43,3179,,5,1.57282,Combined_Labs,16.0,2.0,1.3775
2007,44,3575,,11,2.06993,Combined_Labs,10.0,0.0,1.46725
2007,45,3797,,11,2.23861,Combined_Labs,17.0,10.0,1.55841
2007,46,4131,,2,2.10603,Combined_Labs,24.0,6.0,1.61958
2007,47,4040,,13,3.46535,Combined_Labs,35.0,2.0,1.8112
2007,48,4855,,14,3.31617,Combined_Labs,49.0,12.0,1.61865
2007,49,4909,,22,3.66673,Combined_Labs,35.0,10.0,1.62124
2007,50,5157,,26,4.16909,Combined_Labs,50.0,22.0,1.67351
2007,51,5877,,51,5.34286,Combined_Labs,68.0,28.0,1.95096
2007,52,6269,,86,7.14628,Combined_Labs,77.0,26.0,2.50019
2008,1,6829,,107,8.55176,Combined_Labs,98.0,61.0,2.43939
2008,2,7383,,163,13.5853,Combined_Labs,166.0,145.0,2.29319
2008,3,7814,,209,16.8032,Combined_Labs,196.0,205.0,2.62907
2008,4,9474,,342,22.7148,Combined_Labs,210.0,385.0,3.92966
2008,5,13459,,660,28.4642,Combined_Labs,243.0,627.0,4.99202
2008,6,15342,,930,31.7494,Combined_Labs,265.0,841.0,5.7776
2008,7,15171,,1085,31.8173,Combined_Labs,202.0,837.0,5.98318
2008,8,17359,,1383,30.3992,Combined_Labs,189.0,975.0,5.61677
2008,9,16097,,1412,27.6511,Combined_Labs,121.0,823.0,4.53234
2008,10,15181,,1387,23.6809,Combined_Labs,73.0,630.0,3.83249
2008,11,11648,,1095,22.0124,Combined_Labs,69.0,484.0,3.21522
2008,12,9498,,903,20.3938,Combined_Labs,43.0,395.0,2.69245
2008,13,7800,,777,17.7821,Combined_Labs,13.0,178.0,2.03366
2008,14,6183,,511,14.5399,Combined_Labs,12.0,110.0,1.65275
2008,15,5285,,416,11.7692,Combined_Labs,6.0,56.0,1.3113
2008,16,4103,,234,8.50597,Combined_Labs,0.0,32.0,1.1652
2008,17,3556,,131,5.3712,Combined_Labs,5.0,11.0,1.02035
2008,18,2724,,79,4.62555,Combined_Labs,1.0,9.0,0.877607
2008,19,2539,,43,2.56006,Combined_Labs,0.0,10.0,0.825107
2008,20,2414,,20,1.57415,Combined_Labs,0.0,4.0,0.787315
2008,21,2115,,15,1.37116,Combined_Labs,1.0,4.0,0.805439
2008,22,1927,,10,0.985989,Combined_Labs,0.0,2.0,0.886061
2008,23,1850,,5,0.918919,Combined_Labs,0.0,1.0,0.743743
2008,24,1502,,7,0.798935,Combined_Labs,0.0,0.0,0.706842
2008,25,1467,,2,0.477164,Combined_Labs,0.0,2.0,0.655943
2008,26,1325,,6,0.45283,Combined_Labs,0.0,0.0,0.633492
2008,27,1203,,3,0.332502,Combined_Labs,0.0,0.0,0.571837
2008,28,1269,,4,0.472813,Combined_Labs,1.0,1.0,0.558278
2008,29,1203,,2,0.332502,Combined_Labs,0.0,0.0,0.597893
2008,30,1163,,0,0.859845,Combined_Labs,1.0,5.0,0.577222
2008,31,1125,,4,0.622222,Combined_Labs,0.0,1.0,0.596987
2008,32,1102,,1,0.635209,Combined_Labs,1.0,0.0,0.564653
2008,33,1053,,1,0.0949668,Combined_Labs,0.0,0.0,0.585682
2008,34,1090,,3,0.550459,Combined_Labs,1.0,1.0,0.503985
2008,35,1271,,3,0.393391,Combined_Labs,0.0,0.0,0.468139
2008,36,1336,,0,0.449102,Combined_Labs,1.0,0.0,0.576455
2008,37,1562,,2,0.704225,Combined_Labs,0.0,2.0,0.681361
2008,38,1886,,3,1.06045,Combined_Labs,3.0,3.0,0.794764
2008,39,2009,,2,0.597312,Combined_Labs,2.0,0.0,0.868116
2008,40,2759,,6,0.616165,Combined_Labs,3.0,0.0,1.06828
2008,41,2874,,6,0.800278,Combined_Labs,5.0,4.0,1.00756
2008,42,2937,,6,1.25979,Combined_Labs,13.0,3.0,0.979399
2008,43,3434,,15,1.77635,Combined_Labs,22.0,0.0,1.04943
2008,44,3545,,6,1.21298,Combined_Labs,13.0,3.0,1.13218
2008,45,4154,,12,1.7092,Combined_Labs,33.0,3.0,1.13156
2008,46,4418,,12,1.40335,Combined_Labs,25.0,2.0,1.15469
2008,47,4739,,26,1.77253,Combined_Labs,25.0,1.0,1.20448
2008,48,4836,,20,2.25393,Combined_Labs,40.0,1.0,1.36081
2008,49,5598,,18,2.26867,Combined_Labs,45.0,6.0,1.30322
2008,50,5989,,42,3.15579,Combined_Labs,68.0,10.0,1.30204
2008,51,6301,,60,4.33265,Combined_Labs,81.0,19.0,1.45109
2008,52,6031,,45,4.72558,Combined_Labs,70.0,14.0,1.79927
2008,53,6592,,50,5.53701,Combined_Labs,119.0,19.0,2.12134
2009,1,6981,,79,8.43719,Combined_Labs,176.0,35.0,1.47138
2009,2,6995,,103,10.8649,Combined_Labs,207.0,25.0,1.61555
2009,3,7943,,190,16.0519,Combined_Labs,364.0,51.0,1.95333
2009,4,9484,,381,20.7613,Combined_Labs,563.0,81.0,2.42907
2009,5,11707,,687,23.9344,Combined_Labs,678.0,55.0,2.96686
2009,6,12691,,947,25.2699,Combined_Labs,835.0,68.0,3.57354
2009,7,11741,,931,24.8105,Combined_Labs,844.0,73.0,3.36653
2009,8,11912,,1152,24.5383,Combined_Labs,707.0,58.0,3.2962
2009,9,10970,,1168,24.3482,Combined_Labs,549.0,69.0,3.17227
2009,10,9595,,1062,22.3762,Combined_Labs,388.0,70.0,2.5804
2009,11,8628,,919,20.5494,Combined_Labs,358.0,63.0,2.42922
2009,12,7343,,631,16.737,Combined_Labs,268.0,45.0,1.99028
2009,13,5778,,472,13.8283,Combined_Labs,122.0,27.0,1.72423
2009,14,5095,,276,10.6575,Combined_Labs,102.0,35.0,1.60355
2009,15,4674,,185,7.1887,Combined_Labs,39.0,29.0,1.28418
2009,16,4219,,113,7.67954,Combined_Labs,43.0,37.0,1.2932
2009,17,36203,,800,12.4631,Combined_Labs,702.0,935.0,2.74012
2009,18,34659,,486,15.0235,Combined_Labs,518.0,893.0,2.22391
2009,19,16820,,134,18.0856,Combined_Labs,155.0,298.0,1.76657
2009,20,15410,,93,26.7878,Combined_Labs,79.0,322.0,1.92171
2009,21,13483,,42,33.4866,Combined_Labs,34.0,304.0,1.8611
2009,22,13553,,24,39.482,Combined_Labs,30.0,441.0,1.68423
2009,23,13762,,15,41.6146,Combined_Labs,29.0,268.0,1.7393
2009,24,14264,,9,43.0454,Combined_Labs,15.0,221.0,1.83001
2009,25,12117,,6,36.1806,Combined_Labs,9.0,76.0,1.58128
2009,26,10913,,7,31.7786,Combined_Labs,13.0,41.0,1.49172
2009,27,10713,,7,32.0358,Combined_Labs,1.0,45.0,1.389
2009,28,9808,,3,27.5387,Combined_Labs,3.0,29.0,1.34702
2009,29,8646,,3,27.1108,Combined_Labs,4.0,16.0,1.16056
2009,30,9184,,4,27.5588,Combined_Labs,4.0,11.0,1.2085
2009,31,8424,,2,23.6705,Combined_Labs,10.0,7.0,1.15544
2009,32,8572,,5,22.5502,Combined_Labs,9.0,8.0,1.14518
2009,33,10003,,1,24.3627,Combined_Labs,9.0,18.0,1.4664
2009,34,11636,,15,22.0265,Combined_Labs,12.0,15.0,2.38017
2009,35,13008,,1,22.2863,Combined_Labs,10.0,11.0,3.44681
2009,36,14896,,10,24.0064,Combined_Labs,4.0,6.0,4.05315
2009,37,16682,,4,25.5905,Combined_Labs,4.0,1.0,4.26621
2009,38,16820,,11,26.9917,Combined_Labs,4.0,6.0,4.21579
2009,39,15419,,12,31.98,Combined_Labs,8.0,4.0,4.8861
2009,40,23980,,21,33.5363,Combined_Labs,1.0,2.0,6.06923
2009,41,29005,,18,37.5763,Combined_Labs,2.0,0.0,7.09467
2009,42,31511,,32,39.3799,Combined_Labs,4.0,5.0,7.7151
2009,43,28104,,17,35.575,Combined_Labs,1.0,2.0,7.55134
2009,44,24986,,24,30.9253,Combined_Labs,5.0,2.0,6.67118
2009,45,21788,,14,27.6115,Combined_Labs,2.0,2.0,5.20633
2009,46,18493,,12,19.6182,Combined_Labs,1.0,0.0,4.04477
2009,47,13301,,5,14.5628,Combined_Labs,1.0,3.0,3.49722
2009,48,13134,,30,10.7355,Combined_Labs,1.0,0.0,2.69023
2009,49,11364,,16,7.63816,Combined_Labs,1.0,3.0,2.47119
2009,50,10494,,13,6.44178,Combined_Labs,0.0,3.0,2.44773
2009,51,8622,,4,4.95245,Combined_Labs,3.0,0.0,2.64594
2009,52,9617,,9,4.86638,Combined_Labs,0.0,1.0,2.61567
2010,1,9456,,11,4.00804,Combined_Labs,0.0,1.0,1.90712
2010,2,8753,,11,4.76408,Combined_Labs,1.0,3.0,1.86738
2010,3,8468,,1,5.63297,Combined_Labs,0.0,1.0,1.88072
2010,4,8378,,9,5.10862,Combined_Labs,0.0,3.0,1.96908
2010,5,8243,,10,5.15589,Combined_Labs,0.0,0.0,2.11387
2010,6,8099,,9,4.55612,Combined_Labs,1.0,0.0,2.09695
2010,7,8375,,7,4.77612,Combined_Labs,0.0,0.0,1.90294
2010,8,8074,,3,5.42482,Combined_Labs,0.0,1.0,1.96951
2010,9,7514,,6,6.13521,Combined_Labs,0.0,0.0,1.92331
2010,10,7502,,13,6.61157,Combined_Labs,0.0,0.0,1.89659
2010,11,6485,,4,5.70547,Combined_Labs,0.0,1.0,1.75181
2010,12,5654,,11,4.42165,Combined_Labs,0.0,1.0,1.52632
2010,13,5246,,6,4.34617,Combined_Labs,0.0,1.0,1.49572
2010,14,4716,,1,2.75657,Combined_Labs,0.0,1.0,1.22313
2010,15,4095,,8,2.05128,Combined_Labs,0.0,2.0,1.17754
2010,16,3740,,13,1.25668,Combined_Labs,0.0,2.0,1.09112
2010,17,3660,,4,0.710383,Combined_Labs,0.0,0.0,1.11958
2010,18,3117,,3,0.802053,Combined_Labs,0.0,1.0,1.08169
2010,19,2891,,4,0.622622,Combined_Labs,0.0,2.0,1.12497
2010,20,2903,,3,0.516707,Combined_Labs,0.0,1.0,1.06197
2010,21,2689,,2,0.185943,Combined_Labs,0.0,0.0,1.08909
2010,22,2136,,2,0.280899,Combined_Labs,0.0,1.0,1.1776
2010,23,2163,,3,0.277393,Combined_Labs,0.0,1.0,0.97493
2010,24,2033,,3,0.442696,Combined_Labs,0.0,4.0,0.987132
2010,25,1987,,0,0.402617,Combined_Labs,0.0,4.0,0.995991
2010,26,1820,,1,0.21978,Combined_Labs,0.0,1.0,0.904726
2010,27,1636,,0,0.305623,Combined_Labs,0.0,4.0,0.941927
2010,28,1620,,2,0.679012,Combined_Labs,0.0,7.0,0.880415
2010,29,1606,,3,0.498132,Combined_Labs,0.0,2.0,0.842615
2010,30,1686,,5,1.36418,Combined_Labs,0.0,13.0,0.858382
2010,31,1520,,1,1.05263,Combined_Labs,0.0,9.0,0.83383
2010,32,1676,,10,1.73031,Combined_Labs,0.0,10.0,0.847437
2010,33,1790,,3,1.06145,Combined_Labs,0.0,11.0,0.888273
2010,34,1967,,6,2.03355,Combined_Labs,0.0,18.0,0.765372
2010,35,2212,,4,1.26582,Combined_Labs,0.0,14.0,0.91858
2010,36,2336,,4,1.5411,Combined_Labs,0.0,16.0,1.01432
2010,37,2698,,6,1.85322,Combined_Labs,1.0,31.0,1.01233
2010,38,2960,,9,1.62162,Combined_Labs,0.0,30.0,1.11803
2010,39,2988,,10,1.33869,Combined_Labs,0.0,20.0,1.11806
2010,40,3600,,23,2.13889,Combined_Labs,0.0,18.0,1.10939
2010,41,4006,,36,3.19521,Combined_Labs,0.0,36.0,1.24341
2010,42,4112,,45,3.38035,Combined_Labs,0.0,35.0,1.25726
2010,43,4240,,52,3.91509,Combined_Labs,0.0,56.0,1.25734
2010,44,4608,,106,5.36024,Combined_Labs,0.0,61.0,1.43414
2010,45,5377,,163,6.50921,Combined_Labs,0.0,79.0,1.51838
2010,46,5578,,237,8.73073,Combined_Labs,0.0,123.0,1.61617
2010,47,5533,,265,10.6091,Combined_Labs,0.0,155.0,1.84378
2010,48,5975,,260,9.99163,Combined_Labs,0.0,176.0,1.72535
2010,49,6361,,310,13.2526,Combined_Labs,0.0,359.0,1.87923
2010,50,7692,,542,18.8508,Combined_Labs,0.0,551.0,2.3371
2010,51,8172,,689,25.0367,Combined_Labs,0.0,789.0,3.03533
2010,52,9030,,648,26.268,Combined_Labs,0.0,1015.0,3.136
2011,1,10441,,572,25.17,Combined_Labs,0.0,1159.0,2.53336
2011,2,10190,,585,29.2836,Combined_Labs,0.0,1216.0,2.91288
2011,3,11067,,741,33.5231,Combined_Labs,0.0,1437.0,3.44497
2011,4,12950,,972,34.3398,Combined_Labs,0.0,1524.0,4.16185
2011,5,13875,,1127,35.4018,Combined_Labs,0.0,1481.0,4.55159
2011,6,14647,,1177,34.6624,Combined_Labs,0.0,1488.0,4.46504
2011,7,16401,,1354,34.8515,Combined_Labs,0.0,1570.0,4.55124
2011,8,15033,,1204,30.9785,Combined_Labs,0.0,1235.0,4.0822
2011,9,12990,,884,27.5058,Combined_Labs,0.0,997.0,3.38812
2011,10,11625,,691,23.7935,Combined_Labs,0.0,858.0,2.99142
2011,11,9860,,563,20.284,Combined_Labs,0.0,609.0,2.61542
2011,12,8443,,406,16.1199,Combined_Labs,0.0,426.0,2.09065
2011,13,7107,,293,12.8043,Combined_Labs,0.0,283.0,1.86146
2011,14,6481,,254,9.8133,Combined_Labs,0.0,208.0,1.61377
2011,15,5615,,159,7.12378,Combined_Labs,0.0,141.0,1.42199
2011,16,4642,,86,4.4162,Combined_Labs,0.0,60.0,1.3382
2011,17,3976,,63,3.34507,Combined_Labs,0.0,28.0,1.19995
2011,18,3611,,25,1.91083,Combined_Labs,0.0,23.0,1.14889
2011,19,3271,,15,1.10058,Combined_Labs,0.0,11.0,1.12194
2011,20,3079,,13,0.84443,Combined_Labs,0.0,6.0,1.06712
2011,21,2705,,5,0.665434,Combined_Labs,0.0,4.0,1.05058
2011,22,2442,,6,0.532351,Combined_Labs,0.0,0.0,1.15203
2011,23,2259,,4,0.265604,Combined_Labs,0.0,0.0,0.970975
2011,24,2109,,0,0.426743,Combined_Labs,0.0,1.0,0.894683
2011,25,1967,,3,0.254194,Combined_Labs,0.0,0.0,0.843568
2011,26,1560,,1,0.25641,Combined_Labs,0.0,0.0,0.815409
2011,27,1498,,1,0.333778,Combined_Labs,0.0,1.0,0.823052
2011,28,1500,,4,0.6,Combined_Labs,0.0,4.0,0.674635
2011,29,1500,,5,0.666667,Combined_Labs,0.0,4.0,0.631883
2011,30,1307,,1,0.306044,Combined_Labs,0.0,1.0,0.641513
2011,31,1428,,3,0.770308,Combined_Labs,0.0,2.0,0.529813
2011,32,1433,,2,0.907188,Combined_Labs,0.0,3.0,0.644089
2011,33,1506,,3,1.06242,Combined_Labs,0.0,5.0,0.667718
2011,34,1705,,6,0.997067,Combined_Labs,0.0,5.0,0.705668
2011,35,1925,,1,0.779221,Combined_Labs,0.0,3.0,0.804155
2011,36,2056,,2,0.632296,Combined_Labs,0.0,3.0,0.907804
2011,37,2326,,4,0.902837,Combined_Labs,0.0,6.0,1.00555
2011,38,2612,,8,0.803982,Combined_Labs,0.0,5.0,1.03601
2011,39,2920,,6,1.19863,Combined_Labs,0.0,18.0,1.07583
2011,40,3192,,9,1.03383,Combined_Labs,0.0,14.0,1.16092
2011,41,3316,,8,0.572979,Combined_Labs,0.0,9.0,1.19785
2011,42,3425,,8,0.817518,Combined_Labs,0.0,10.0,1.27926
2011,43,3749,,12,1.17365,Combined_Labs,0.0,12.0,1.29194
2011,44,4075,,9,0.957055,Combined_Labs,0.0,17.0,1.42824
2011,45,4326,,15,1.13269,Combined_Labs,0.0,15.0,1.39803
2011,46,4580,,12,0.960699,Combined_Labs,0.0,15.0,1.45831
2011,47,4108,,19,1.82571,Combined_Labs,0.0,23.0,1.56548
2011,48,4669,,17,1.54209,Combined_Labs,0.0,32.0,1.34313
2011,49,4710,,20,2.29299,Combined_Labs,0.0,38.0,1.48139
2011,50,4906,,20,2.71097,Combined_Labs,0.0,78.0,1.63398
2011,51,5151,,24,3.8245,Combined_Labs,0.0,104.0,1.83126
2011,52,5470,,18,3.32724,Combined_Labs,0.0,107.0,2.10451
2012,1,5690,,22,3.21617,Combined_Labs,0.0,101.0,1.73625
2012,2,5341,,15,4.39993,Combined_Labs,0.0,142.0,1.55066
2012,3,5364,,18,5.9657,Combined_Labs,0.0,195.0,1.62891
2012,4,5840,,32,8.09932,Combined_Labs,0.0,257.0,1.76038
2012,5,6251,,43,10.8783,Combined_Labs,0.0,365.0,1.92728
2012,6,6413,,56,12.615,Combined_Labs,0.0,419.0,1.91994
2012,7,7298,,71,14.8397,Combined_Labs,0.0,508.0,2.09951
2012,8,7596,,78,18.9968,Combined_Labs,0.0,690.0,2.23973
2012,9,8485,,112,23.8185,Combined_Labs,0.0,988.0,2.21921
2012,10,8459,,123,28.183,Combined_Labs,0.0,1232.0,2.16693
2012,11,8822,,199,30.7187,Combined_Labs,0.0,1396.0,2.38913
2012,12,7974,,237,27.527,Combined_Labs,0.0,1086.0,1.96466
2012,13,7450,,244,21.557,Combined_Labs,0.0,719.0,1.84229
2012,14,6695,,275,22.0762,Combined_Labs,0.0,629.0,1.68674
2012,15,6304,,298,20.4473,Combined_Labs,0.0,591.0,1.53136
2012,16,5689,,314,20.6363,Combined_Labs,0.0,540.0,1.37912
2012,17,4980,,274,17.2691,Combined_Labs,0.0,361.0,1.29515
2012,18,4522,,252,15.9885,Combined_Labs,0.0,299.0,1.39521
2012,19,4061,,266,15.1687,Combined_Labs,0.0,229.0,1.32522
2012,20,3811,,254,13.3298,Combined_Labs,0.0,162.0,1.23059
2012,21,3729,,260,11.1558,Combined_Labs,0.0,76.0,1.23028
2012,22,3347,,228,10.9053,Combined_Labs,0.0,78.0,1.26877
2012,23,3055,,197,9.59083,Combined_Labs,0.0,45.0,1.10782
2012,24,2898,,179,9.97239,Combined_Labs,0.0,52.0,1.09559
2012,25,2529,,103,6.76157,Combined_Labs,0.0,36.0,1.11031
2012,26,2255,,113,6.74058,Combined_Labs,0.0,17.0,1.10616
2012,27,1970,,59,4.72081,Combined_Labs,0.0,15.0,1.10816
2012,28,2052,,41,4.5809,Combined_Labs,0.0,33.0,0.999444
2012,29,2100,,48,3.66667,Combined_Labs,0.0,18.0,0.924199
2012,30,2048,,32,5.12695,Combined_Labs,0.0,49.0,0.949257
2012,31,2161,,33,9.48635,Combined_Labs,0.0,65.0,0.978903
2012,32,2294,,25,7.54141,Combined_Labs,0.0,62.0,0.925024
2012,33,2501,,27,6.71731,Combined_Labs,0.0,69.0,0.848456
2012,34,2705,,23,4.17745,Combined_Labs,0.0,48.0,1.04451
2012,35,2746,,19,3.05899,Combined_Labs,0.0,37.0,1.0986
2012,36,2914,,32,3.05422,Combined_Labs,0.0,34.0,1.22071
2012,37,3280,,44,2.22561,Combined_Labs,0.0,16.0,1.24976
2012,38,3501,,42,3.08483,Combined_Labs,0.0,43.0,1.22892
2012,39,3649,,64,3.59002,Combined_Labs,0.0,42.0,1.29393
2012,40,4513,,78,3.78905,Combined_Labs,0.0,73.0,1.23034
2012,41,4914,,95,3.92755,Combined_Labs,0.0,67.0,1.3278
2012,42,5249,,122,5.81063,Combined_Labs,0.0,131.0,1.33995
2012,43,5306,,141,6.55861,Combined_Labs,0.0,152.0,1.37842
2012,44,5406,,154,7.86164,Combined_Labs,0.0,188.0,1.50085
2012,45,6446,,231,9.75799,Combined_Labs,0.0,277.0,1.65163
2012,46,6721,,267,13.3611,Combined_Labs,0.0,404.0,1.76746
2012,47,7433,,364,18.4179,Combined_Labs,0.0,591.0,2.30609
2012,48,9333,,503,22.3829,Combined_Labs,0.0,1022.0,2.16324
2012,49,12060,,693,29.204,Combined_Labs,0.0,1787.0,2.83038
2012,50,14711,,856,32.6083,Combined_Labs,0.0,2662.0,3.43761
2012,51,16904,,1154,37.4527,Combined_Labs,0.0,3703.0,4.30554
2012,52,18139,,1199,37.8742,Combined_Labs,0.0,3825.0,6.06082
2013,1,19673,,1146,35.2971,Combined_Labs,0.0,3723.0,4.64931
2013,2,22224,,1237,34.2063,Combined_Labs,0.0,4073.0,4.32584
2013,3,20931,,1142,30.5432,Combined_Labs,0.0,3232.0,4.51113
2013,4,18668,,1189,29.5747,Combined_Labs,0.0,2527.0,4.2171
2013,5,16228,,1158,26.5221,Combined_Labs,0.0,1952.0,3.78956
2013,6,14491,,1188,22.7314,Combined_Labs,0.0,1205.0,3.29206
2013,7,12691,,1194,20.8809,Combined_Labs,0.0,844.0,3.0197
2013,8,11354,,1225,20.037,Combined_Labs,0.0,575.0,2.71499
2013,9,10504,,1181,18.7262,Combined_Labs,0.0,417.0,2.4845
2013,10,10165,,1204,17.9144,Combined_Labs,0.0,330.0,2.57808
2013,11,9559,,1155,16.916,Combined_Labs,0.0,212.0,2.39237
2013,12,8647,,1017,15.913,Combined_Labs,0.0,179.0,2.06778
2013,13,7722,,853,14.4522,Combined_Labs,0.0,124.0,1.90281
2013,14,6782,,687,13.9339,Combined_Labs,0.0,121.0,1.65902
2013,15,6198,,489,10.8261,Combined_Labs,0.0,69.0,1.43006
2013,16,5575,,332,8.75336,Combined_Labs,0.0,79.0,1.27757
2013,17,5095,,249,7.67419,Combined_Labs,0.0,60.0,1.19009
2013,18,4919,,222,6.5867,Combined_Labs,0.0,55.0,1.09556
2013,19,4473,,166,5.41024,Combined_Labs,0.0,36.0,1.08589
2013,20,4102,,126,4.46124,Combined_Labs,0.0,24.0,1.07343
2013,21,4097,,123,4.36905,Combined_Labs,0.0,21.0,1.01677
2013,22,3587,,95,4.20965,Combined_Labs,0.0,14.0,1.04847
2013,23,3576,,82,3.85906,Combined_Labs,0.0,13.0,0.920349
2013,24,3254,,63,3.93362,Combined_Labs,0.0,12.0,0.920779
2013,25,3227,,55,3.99752,Combined_Labs,0.0,12.0,0.904333
2013,26,2999,,28,3.23441,Combined_Labs,0.0,5.0,0.83057
2013,27,2579,,25,3.25708,Combined_Labs,0.0,14.0,0.862837
2013,28,2653,,14,3.76932,Combined_Labs,0.0,30.0,0.732182
2013,29,2504,,14,2.95527,Combined_Labs,0.0,13.0,0.724558
2013,30,2316,,10,2.9361,Combined_Labs,0.0,11.0,0.740848
2013,31,2549,,20,3.49157,Combined_Labs,0.0,14.0,0.726037
2013,32,2494,,12,3.12751,Combined_Labs,0.0,11.0,0.755639
2013,33,2304,,12,2.77778,Combined_Labs,0.0,3.0,0.761847
2013,34,2560,,3,2.34375,Combined_Labs,0.0,4.0,0.779896
2013,35,3006,,10,4.09182,Combined_Labs,0.0,4.0,0.899138
2013,36,3148,,13,3.65311,Combined_Labs,0.0,6.0,0.999524
2013,37,3602,,7,3.38701,Combined_Labs,0.0,7.0,1.0558
2013,38,3888,,22,3.1893,Combined_Labs,0.0,8.0,1.0967
2013,39,4596,,20,4.09051,Combined_Labs,0.0,11.0,1.24709
2013,40,4911,,28,3.95032,Combined_Labs,0.0,13.0,1.15746
2013,41,5808,,32,3.94284,Combined_Labs,0.0,24.0,1.27184
2013,42,5801,,26,3.18911,Combined_Labs,0.0,16.0,1.31623
2013,43,5886,,14,3.53381,Combined_Labs,0.0,21.0,1.37444
2013,44,6316,,43,4.63901,Combined_Labs,0.0,26.0,1.46781
2013,45,6945,,43,5.75954,Combined_Labs,0.0,29.0,1.5834
2013,46,7203,,37,7.19145,Combined_Labs,0.0,21.0,1.60253
2013,47,7839,,57,9.14657,Combined_Labs,0.0,22.0,1.72344
2013,48,7433,,42,12.0813,Combined_Labs,0.0,29.0,2.11076
2013,49,10169,,69,16.9043,Combined_Labs,0.0,34.0,2.1708
2013,50,10837,,52,20.7899,Combined_Labs,0.0,56.0,2.36971
2013,51,14015,,67,28.2198,Combined_Labs,0.0,51.0,3.15997
2013,52,15748,,93,31.0706,Combined_Labs,0.0,47.0,4.59053
2014,1,17779,,88,29.1749,Combined_Labs,0.0,84.0,4.28195
2014,2,18253,,91,27.705,Combined_Labs,0.0,106.0,3.56288
2014,3,17480,,131,26.7735,Combined_Labs,0.0,126.0,3.36378
2014,4,16468,,185,24.3017,Combined_Labs,0.0,132.0,3.39659
2014,5,14618,,175,20.4542,Combined_Labs,0.0,94.0,3.11922
2014,6,12995,,219,19.0612,Combined_Labs,0.0,130.0,2.83572
2014,7,11892,,227,16.406,Combined_Labs,0.0,102.0,2.48484
2014,8,11127,,248,13.6425,Combined_Labs,0.0,93.0,2.2741
2014,9,10252,,274,11.8806,Combined_Labs,0.0,102.0,2.07244
2014,10,9441,,301,10.8357,Combined_Labs,0.0,102.0,1.98207
2014,11,8922,,334,11.0513,Combined_Labs,0.0,138.0,1.82441
2014,12,8216,,464,12.5365,Combined_Labs,0.0,164.0,1.82036
2014,13,7905,,525,13.3207,Combined_Labs,0.0,184.0,1.75391
2014,14,7531,,595,14.5133,Combined_Labs,0.0,236.0,1.74542
2014,15,7179,,624,14.9603,Combined_Labs,0.0,227.0,1.67236
2014,16,6648,,516,13.7184,Combined_Labs,0.0,222.0,1.51659
2014,17,6317,,469,13.0442,Combined_Labs,0.0,191.0,1.44778
2014,18,5865,,447,12.6513,Combined_Labs,0.0,151.0,1.29028
2014,19,5436,,354,10.9823,Combined_Labs,0.0,130.0,1.37388
2014,20,5315,,322,10.3669,Combined_Labs,0.0,119.0,1.34208
2014,21,4833,,236,8.42127,Combined_Labs,0.0,105.0,1.34563
2014,22,4757,,225,8.89216,Combined_Labs,0.0,115.0,1.21291
2014,23,4310,,160,7.21578,Combined_Labs,0.0,97.0,1.19291
2014,24,4140,,140,7.10145,Combined_Labs,0.0,101.0,1.14146
2014,25,3877,,113,5.88084,Combined_Labs,0.0,69.0,1.06503
2014,26,3434,,100,5.06698,Combined_Labs,0.0,45.0,1.12669
2014,27,3144,,83,5.02545,Combined_Labs,0.0,47.0,0.947353
2014,28,3057,,66,5.00491,Combined_Labs,0.0,55.0,0.944187
2014,29,3188,,61,3.79548,Combined_Labs,0.0,41.0,0.934822
2014,30,3127,,50,3.74161,Combined_Labs,0.0,37.0,0.81736
2014,31,2939,,27,3.64069,Combined_Labs,0.0,53.0,0.852792
2014,32,2973,,23,2.95997,Combined_Labs,0.0,44.0,0.746994
2014,33,3270,,36,3.42508,Combined_Labs,0.0,54.0,0.761098
2014,34,3339,,42,3.2944,Combined_Labs,0.0,45.0,0.767627
2014,35,3973,,42,3.42311,Combined_Labs,0.0,62.0,0.862176
2014,36,4227,,34,2.76792,Combined_Labs,0.0,44.0,0.984907
2014,37,5324,,31,2.46056,Combined_Labs,0.0,66.0,1.16287
2014,38,5681,,53,3.01003,Combined_Labs,0.0,81.0,1.22731
2014,39,5905,,65,3.4547,Combined_Labs,0.0,87.0,1.2071
2014,40,9567,,110,3.22985,Combined_Labs,0.0,100.0,1.16191
2014,41,11036,,160,3.97789,Combined_Labs,0.0,125.0,1.30905
2014,42,11729,,164,4.97911,Combined_Labs,0.0,226.0,1.37072
2014,43,11385,,127,4.77822,Combined_Labs,0.0,212.0,1.43373
2014,44,11531,,136,6.30474,Combined_Labs,0.0,295.0,1.42791
2014,45,12918,,155,8.94875,Combined_Labs,0.0,506.0,1.61605
2014,46,13777,,147,10.2853,Combined_Labs,0.0,633.0,1.65976
2014,47,16166,,163,14.8645,Combined_Labs,0.0,1002.0,2.05459
2014,48,18504,,200,19.585,Combined_Labs,0.0,1538.0,2.53541
2014,49,23068,,249,23.1056,Combined_Labs,0.0,2585.0,2.54253
2014,50,29223,,315,28.0293,Combined_Labs,0.0,3823.0,3.60563
2014,51,37114,,325,30.9048,Combined_Labs,0.0,4978.0,4.90976
2014,52,42518,,392,32.4521,Combined_Labs,0.0,5549.0,5.98221
2014,53,41550,,409,27.3742,Combined_Labs,0.0,5260.0,5.47421
2015,1,38508,,372,24.0106,Combined_Labs,0.0,4908.0,4.21374
2015,2,35598,,473,24.2935,Combined_Labs,0.0,4586.0,4.21022
2015,3,34194,,548,23.3462,Combined_Labs,0.0,3918.0,4.25968
2015,4,32003,,606,21.5011,Combined_Labs,0.0,3475.0,3.97761
2015,5,29581,,723,19.0054,Combined_Labs,0.0,2719.0,3.63443
2015,6,26994,,869,15.5479,Combined_Labs,0.0,1746.0,3.26527
2015,7,24293,,1010,13.8723,Combined_Labs,0.0,1242.0,2.93083
2015,8,22294,,1127,12.7344,Combined_Labs,0.0,954.0,2.54474
2015,9,20420,,1352,13.1685,Combined_Labs,0.0,774.0,2.47227
2015,10,19845,,1656,12.7337,Combined_Labs,0.0,458.0,2.35665
2015,11,18419,,1565,11.9931,Combined_Labs,0.0,340.0,2.17008
2015,12,16980,,1479,11.2485,Combined_Labs,0.0,227.0,2.04297
2015,13,15125,,1377,11.0281,Combined_Labs,0.0,168.0,1.954
2015,14,14743,,1272,9.99797,Combined_Labs,0.0,87.0,1.72287
2015,15,13389,,969,8.41736,Combined_Labs,0.0,66.0,1.53694
2015,16,11873,,683,6.51057,Combined_Labs,0.0,48.0,1.38283
2015,17,10770,,544,5.66388,Combined_Labs,0.0,26.0,1.46265
2015,18,9784,,494,5.38635,Combined_Labs,0.0,12.0,1.38934
2015,19,9188,,340,4.17936,Combined_Labs,0.0,16.0,1.3468
2015,20,8412,,267,3.66144,Combined_Labs,0.0,21.0,1.25452
2015,21,7748,,184,2.91688,Combined_Labs,0.0,20.0,1.21636
2015,22,6993,,152,2.7742,Combined_Labs,0.0,20.0,1.16734
2015,23,6725,,129,2.64684,Combined_Labs,0.0,20.0,1.04654
2015,24,6133,,78,2.4784,Combined_Labs,0.0,50.0,0.943661
2015,25,5558,,46,2.17704,Combined_Labs,0.0,51.0,0.935046
2015,26,5248,,33,2.45808,Combined_Labs,0.0,59.0,0.934726
2015,27,5260,,36,1.88213,Combined_Labs,0.0,40.0,0.864118
2015,28,5039,,37,1.70669,Combined_Labs,0.0,35.0,0.806535
2015,29,4811,,21,1.51736,Combined_Labs,0.0,31.0,0.742747
2015,30,4785,,9,1.5256,Combined_Labs,0.0,44.0,0.737859
2015,31,4790,,18,1.94154,Combined_Labs,0.0,50.0,0.743224
2015,32,4910,,14,1.64969,Combined_Labs,0.0,34.0,0.805251
2015,33,5170,,16,1.89555,Combined_Labs,0.0,55.0,0.816943
2015,34,5381,,20,1.85839,Combined_Labs,0.0,44.0,0.814518
2015,35,6115,,29,2.2731,Combined_Labs,0.0,64.0,0.86067
2015,36,6786,,38,2.18096,Combined_Labs,0.0,74.0,0.886704
2015,37,7694,,47,2.57343,Combined_Labs,0.0,91.0,1.00845
2015,38,8855,,46,1.88594,Combined_Labs,0.0,58.0,1.06625
2015,39,9876,,59,2.04536,Combined_Labs,0.0,77.0,1.05995
